login,full_name,created_at,stargazers_count,watchers_count,language,has_projects,has_wiki,license_name
nicknochnack,dhirajp1603/BDM-Capstone_Project,2024-08-09T06:16:58Z,0,0,,True,True,
nicknochnack,dhirajp1603/CG_Practicals,2023-09-26T10:40:08Z,0,0,C++,True,True,
nicknochnack,dhirajp1603/dhirajp1603,2023-09-26T08:43:11Z,0,0,,True,False,
brendangregg,dhirajp1603/BDM-Capstone_Project,2024-08-09T06:16:58Z,0,0,,True,True,
brendangregg,dhirajp1603/CG_Practicals,2023-09-26T10:40:08Z,0,0,C++,True,True,
brendangregg,dhirajp1603/dhirajp1603,2023-09-26T08:43:11Z,0,0,,True,False,
cornflourblue,dhirajp1603/BDM-Capstone_Project,2024-08-09T06:16:58Z,0,0,,True,True,
cornflourblue,dhirajp1603/CG_Practicals,2023-09-26T10:40:08Z,0,0,C++,True,True,
cornflourblue,dhirajp1603/dhirajp1603,2023-09-26T08:43:11Z,0,0,,True,False,
0vm,dhirajp1603/BDM-Capstone_Project,2024-08-09T06:16:58Z,0,0,,True,True,
0vm,dhirajp1603/CG_Practicals,2023-09-26T10:40:08Z,0,0,C++,True,True,
0vm,dhirajp1603/dhirajp1603,2023-09-26T08:43:11Z,0,0,,True,False,
davecheney,dhirajp1603/BDM-Capstone_Project,2024-08-09T06:16:58Z,0,0,,True,True,
davecheney,dhirajp1603/CG_Practicals,2023-09-26T10:40:08Z,0,0,C++,True,True,
davecheney,dhirajp1603/dhirajp1603,2023-09-26T08:43:11Z,0,0,,True,False,
JedWatson,dhirajp1603/BDM-Capstone_Project,2024-08-09T06:16:58Z,0,0,,True,True,
JedWatson,dhirajp1603/CG_Practicals,2023-09-26T10:40:08Z,0,0,C++,True,True,
JedWatson,dhirajp1603/dhirajp1603,2023-09-26T08:43:11Z,0,0,,True,False,
dragen1860,dhirajp1603/BDM-Capstone_Project,2024-08-09T06:16:58Z,0,0,,True,True,
dragen1860,dhirajp1603/CG_Practicals,2023-09-26T10:40:08Z,0,0,C++,True,True,
dragen1860,dhirajp1603/dhirajp1603,2023-09-26T08:43:11Z,0,0,,True,False,
thombergs,dhirajp1603/BDM-Capstone_Project,2024-08-09T06:16:58Z,0,0,,True,True,
thombergs,dhirajp1603/CG_Practicals,2023-09-26T10:40:08Z,0,0,C++,True,True,
thombergs,dhirajp1603/dhirajp1603,2023-09-26T08:43:11Z,0,0,,True,False,
DmitryBaranovskiy,dhirajp1603/BDM-Capstone_Project,2024-08-09T06:16:58Z,0,0,,True,True,
DmitryBaranovskiy,dhirajp1603/CG_Practicals,2023-09-26T10:40:08Z,0,0,C++,True,True,
DmitryBaranovskiy,dhirajp1603/dhirajp1603,2023-09-26T08:43:11Z,0,0,,True,False,
redguardtoo,dhirajp1603/BDM-Capstone_Project,2024-08-09T06:16:58Z,0,0,,True,True,
redguardtoo,dhirajp1603/CG_Practicals,2023-09-26T10:40:08Z,0,0,C++,True,True,
redguardtoo,dhirajp1603/dhirajp1603,2023-09-26T08:43:11Z,0,0,,True,False,
sanjay-kv,dhirajp1603/BDM-Capstone_Project,2024-08-09T06:16:58Z,0,0,,True,True,
sanjay-kv,dhirajp1603/CG_Practicals,2023-09-26T10:40:08Z,0,0,C++,True,True,
sanjay-kv,dhirajp1603/dhirajp1603,2023-09-26T08:43:11Z,0,0,,True,False,
Canva,dhirajp1603/BDM-Capstone_Project,2024-08-09T06:16:58Z,0,0,,True,True,
Canva,dhirajp1603/CG_Practicals,2023-09-26T10:40:08Z,0,0,C++,True,True,
Canva,dhirajp1603/dhirajp1603,2023-09-26T08:43:11Z,0,0,,True,False,
orhanobut,dhirajp1603/BDM-Capstone_Project,2024-08-09T06:16:58Z,0,0,,True,True,
orhanobut,dhirajp1603/CG_Practicals,2023-09-26T10:40:08Z,0,0,C++,True,True,
orhanobut,dhirajp1603/dhirajp1603,2023-09-26T08:43:11Z,0,0,,True,False,
tonybaloney,dhirajp1603/BDM-Capstone_Project,2024-08-09T06:16:58Z,0,0,,True,True,
tonybaloney,dhirajp1603/CG_Practicals,2023-09-26T10:40:08Z,0,0,C++,True,True,
tonybaloney,dhirajp1603/dhirajp1603,2023-09-26T08:43:11Z,0,0,,True,False,
dmytrodanylyk,dhirajp1603/BDM-Capstone_Project,2024-08-09T06:16:58Z,0,0,,True,True,
dmytrodanylyk,dhirajp1603/CG_Practicals,2023-09-26T10:40:08Z,0,0,C++,True,True,
dmytrodanylyk,dhirajp1603/dhirajp1603,2023-09-26T08:43:11Z,0,0,,True,False,
MaryamAustralia,dhirajp1603/BDM-Capstone_Project,2024-08-09T06:16:58Z,0,0,,True,True,
MaryamAustralia,dhirajp1603/CG_Practicals,2023-09-26T10:40:08Z,0,0,C++,True,True,
MaryamAustralia,dhirajp1603/dhirajp1603,2023-09-26T08:43:11Z,0,0,,True,False,
haskellcamargo,dhirajp1603/BDM-Capstone_Project,2024-08-09T06:16:58Z,0,0,,True,True,
haskellcamargo,dhirajp1603/CG_Practicals,2023-09-26T10:40:08Z,0,0,C++,True,True,
haskellcamargo,dhirajp1603/dhirajp1603,2023-09-26T08:43:11Z,0,0,,True,False,
jpillora,dhirajp1603/BDM-Capstone_Project,2024-08-09T06:16:58Z,0,0,,True,True,
jpillora,dhirajp1603/CG_Practicals,2023-09-26T10:40:08Z,0,0,C++,True,True,
jpillora,dhirajp1603/dhirajp1603,2023-09-26T08:43:11Z,0,0,,True,False,
adg,dhirajp1603/BDM-Capstone_Project,2024-08-09T06:16:58Z,0,0,,True,True,
adg,dhirajp1603/CG_Practicals,2023-09-26T10:40:08Z,0,0,C++,True,True,
adg,dhirajp1603/dhirajp1603,2023-09-26T08:43:11Z,0,0,,True,False,
SamSaffron,dhirajp1603/BDM-Capstone_Project,2024-08-09T06:16:58Z,0,0,,True,True,
SamSaffron,dhirajp1603/CG_Practicals,2023-09-26T10:40:08Z,0,0,C++,True,True,
SamSaffron,dhirajp1603/dhirajp1603,2023-09-26T08:43:11Z,0,0,,True,False,
alecthomas,dhirajp1603/BDM-Capstone_Project,2024-08-09T06:16:58Z,0,0,,True,True,
alecthomas,dhirajp1603/CG_Practicals,2023-09-26T10:40:08Z,0,0,C++,True,True,
alecthomas,dhirajp1603/dhirajp1603,2023-09-26T08:43:11Z,0,0,,True,False,
johndpope,dhirajp1603/BDM-Capstone_Project,2024-08-09T06:16:58Z,0,0,,True,True,
johndpope,dhirajp1603/CG_Practicals,2023-09-26T10:40:08Z,0,0,C++,True,True,
johndpope,dhirajp1603/dhirajp1603,2023-09-26T08:43:11Z,0,0,,True,False,
djnavarro,dhirajp1603/BDM-Capstone_Project,2024-08-09T06:16:58Z,0,0,,True,True,
djnavarro,dhirajp1603/CG_Practicals,2023-09-26T10:40:08Z,0,0,C++,True,True,
djnavarro,dhirajp1603/dhirajp1603,2023-09-26T08:43:11Z,0,0,,True,False,
JayZeeDesign,dhirajp1603/BDM-Capstone_Project,2024-08-09T06:16:58Z,0,0,,True,True,
JayZeeDesign,dhirajp1603/CG_Practicals,2023-09-26T10:40:08Z,0,0,C++,True,True,
JayZeeDesign,dhirajp1603/dhirajp1603,2023-09-26T08:43:11Z,0,0,,True,False,
tamim,dhirajp1603/BDM-Capstone_Project,2024-08-09T06:16:58Z,0,0,,True,True,
tamim,dhirajp1603/CG_Practicals,2023-09-26T10:40:08Z,0,0,C++,True,True,
tamim,dhirajp1603/dhirajp1603,2023-09-26T08:43:11Z,0,0,,True,False,
dformoso,dhirajp1603/BDM-Capstone_Project,2024-08-09T06:16:58Z,0,0,,True,True,
dformoso,dhirajp1603/CG_Practicals,2023-09-26T10:40:08Z,0,0,C++,True,True,
dformoso,dhirajp1603/dhirajp1603,2023-09-26T08:43:11Z,0,0,,True,False,
domesticmouse,dhirajp1603/BDM-Capstone_Project,2024-08-09T06:16:58Z,0,0,,True,True,
domesticmouse,dhirajp1603/CG_Practicals,2023-09-26T10:40:08Z,0,0,C++,True,True,
domesticmouse,dhirajp1603/dhirajp1603,2023-09-26T08:43:11Z,0,0,,True,False,
hugobowne,dhirajp1603/BDM-Capstone_Project,2024-08-09T06:16:58Z,0,0,,True,True,
hugobowne,dhirajp1603/CG_Practicals,2023-09-26T10:40:08Z,0,0,C++,True,True,
hugobowne,dhirajp1603/dhirajp1603,2023-09-26T08:43:11Z,0,0,,True,False,
stevemao,dhirajp1603/BDM-Capstone_Project,2024-08-09T06:16:58Z,0,0,,True,True,
stevemao,dhirajp1603/CG_Practicals,2023-09-26T10:40:08Z,0,0,C++,True,True,
stevemao,dhirajp1603/dhirajp1603,2023-09-26T08:43:11Z,0,0,,True,False,
kaloraat,dhirajp1603/BDM-Capstone_Project,2024-08-09T06:16:58Z,0,0,,True,True,
kaloraat,dhirajp1603/CG_Practicals,2023-09-26T10:40:08Z,0,0,C++,True,True,
kaloraat,dhirajp1603/dhirajp1603,2023-09-26T08:43:11Z,0,0,,True,False,
iann0036,dhirajp1603/BDM-Capstone_Project,2024-08-09T06:16:58Z,0,0,,True,True,
iann0036,dhirajp1603/CG_Practicals,2023-09-26T10:40:08Z,0,0,C++,True,True,
iann0036,dhirajp1603/dhirajp1603,2023-09-26T08:43:11Z,0,0,,True,False,
aussieBIMguru,dhirajp1603/BDM-Capstone_Project,2024-08-09T06:16:58Z,0,0,,True,True,
aussieBIMguru,dhirajp1603/CG_Practicals,2023-09-26T10:40:08Z,0,0,C++,True,True,
aussieBIMguru,dhirajp1603/dhirajp1603,2023-09-26T08:43:11Z,0,0,,True,False,
cironunes,dhirajp1603/BDM-Capstone_Project,2024-08-09T06:16:58Z,0,0,,True,True,
cironunes,dhirajp1603/CG_Practicals,2023-09-26T10:40:08Z,0,0,C++,True,True,
cironunes,dhirajp1603/dhirajp1603,2023-09-26T08:43:11Z,0,0,,True,False,
matthewpalmer,dhirajp1603/BDM-Capstone_Project,2024-08-09T06:16:58Z,0,0,,True,True,
matthewpalmer,dhirajp1603/CG_Practicals,2023-09-26T10:40:08Z,0,0,C++,True,True,
matthewpalmer,dhirajp1603/dhirajp1603,2023-09-26T08:43:11Z,0,0,,True,False,
unruledboy,dhirajp1603/BDM-Capstone_Project,2024-08-09T06:16:58Z,0,0,,True,True,
unruledboy,dhirajp1603/CG_Practicals,2023-09-26T10:40:08Z,0,0,C++,True,True,
unruledboy,dhirajp1603/dhirajp1603,2023-09-26T08:43:11Z,0,0,,True,False,
torifat,dhirajp1603/BDM-Capstone_Project,2024-08-09T06:16:58Z,0,0,,True,True,
torifat,dhirajp1603/CG_Practicals,2023-09-26T10:40:08Z,0,0,C++,True,True,
torifat,dhirajp1603/dhirajp1603,2023-09-26T08:43:11Z,0,0,,True,False,
ndleah,dhirajp1603/BDM-Capstone_Project,2024-08-09T06:16:58Z,0,0,,True,True,
ndleah,dhirajp1603/CG_Practicals,2023-09-26T10:40:08Z,0,0,C++,True,True,
ndleah,dhirajp1603/dhirajp1603,2023-09-26T08:43:11Z,0,0,,True,False,
MaikuB,dhirajp1603/BDM-Capstone_Project,2024-08-09T06:16:58Z,0,0,,True,True,
MaikuB,dhirajp1603/CG_Practicals,2023-09-26T10:40:08Z,0,0,C++,True,True,
MaikuB,dhirajp1603/dhirajp1603,2023-09-26T08:43:11Z,0,0,,True,False,
bokkypoobah,dhirajp1603/BDM-Capstone_Project,2024-08-09T06:16:58Z,0,0,,True,True,
bokkypoobah,dhirajp1603/CG_Practicals,2023-09-26T10:40:08Z,0,0,C++,True,True,
bokkypoobah,dhirajp1603/dhirajp1603,2023-09-26T08:43:11Z,0,0,,True,False,
dsymonds,dhirajp1603/BDM-Capstone_Project,2024-08-09T06:16:58Z,0,0,,True,True,
dsymonds,dhirajp1603/CG_Practicals,2023-09-26T10:40:08Z,0,0,C++,True,True,
dsymonds,dhirajp1603/dhirajp1603,2023-09-26T08:43:11Z,0,0,,True,False,
aaronpowell,dhirajp1603/BDM-Capstone_Project,2024-08-09T06:16:58Z,0,0,,True,True,
aaronpowell,dhirajp1603/CG_Practicals,2023-09-26T10:40:08Z,0,0,C++,True,True,
aaronpowell,dhirajp1603/dhirajp1603,2023-09-26T08:43:11Z,0,0,,True,False,
huonw,dhirajp1603/BDM-Capstone_Project,2024-08-09T06:16:58Z,0,0,,True,True,
huonw,dhirajp1603/CG_Practicals,2023-09-26T10:40:08Z,0,0,C++,True,True,
huonw,dhirajp1603/dhirajp1603,2023-09-26T08:43:11Z,0,0,,True,False,
eudoxia0,dhirajp1603/BDM-Capstone_Project,2024-08-09T06:16:58Z,0,0,,True,True,
eudoxia0,dhirajp1603/CG_Practicals,2023-09-26T10:40:08Z,0,0,C++,True,True,
eudoxia0,dhirajp1603/dhirajp1603,2023-09-26T08:43:11Z,0,0,,True,False,
theKashey,dhirajp1603/BDM-Capstone_Project,2024-08-09T06:16:58Z,0,0,,True,True,
theKashey,dhirajp1603/CG_Practicals,2023-09-26T10:40:08Z,0,0,C++,True,True,
theKashey,dhirajp1603/dhirajp1603,2023-09-26T08:43:11Z,0,0,,True,False,
geshan,dhirajp1603/BDM-Capstone_Project,2024-08-09T06:16:58Z,0,0,,True,True,
geshan,dhirajp1603/CG_Practicals,2023-09-26T10:40:08Z,0,0,C++,True,True,
geshan,dhirajp1603/dhirajp1603,2023-09-26T08:43:11Z,0,0,,True,False,
samthor,dhirajp1603/BDM-Capstone_Project,2024-08-09T06:16:58Z,0,0,,True,True,
samthor,dhirajp1603/CG_Practicals,2023-09-26T10:40:08Z,0,0,C++,True,True,
samthor,dhirajp1603/dhirajp1603,2023-09-26T08:43:11Z,0,0,,True,False,
GrahamDumpleton,dhirajp1603/BDM-Capstone_Project,2024-08-09T06:16:58Z,0,0,,True,True,
GrahamDumpleton,dhirajp1603/CG_Practicals,2023-09-26T10:40:08Z,0,0,C++,True,True,
GrahamDumpleton,dhirajp1603/dhirajp1603,2023-09-26T08:43:11Z,0,0,,True,False,
upsuper,dhirajp1603/BDM-Capstone_Project,2024-08-09T06:16:58Z,0,0,,True,True,
upsuper,dhirajp1603/CG_Practicals,2023-09-26T10:40:08Z,0,0,C++,True,True,
upsuper,dhirajp1603/dhirajp1603,2023-09-26T08:43:11Z,0,0,,True,False,
datawithdanny,dhirajp1603/BDM-Capstone_Project,2024-08-09T06:16:58Z,0,0,,True,True,
datawithdanny,dhirajp1603/CG_Practicals,2023-09-26T10:40:08Z,0,0,C++,True,True,
datawithdanny,dhirajp1603/dhirajp1603,2023-09-26T08:43:11Z,0,0,,True,False,
pixegami,dhirajp1603/BDM-Capstone_Project,2024-08-09T06:16:58Z,0,0,,True,True,
pixegami,dhirajp1603/CG_Practicals,2023-09-26T10:40:08Z,0,0,C++,True,True,
pixegami,dhirajp1603/dhirajp1603,2023-09-26T08:43:11Z,0,0,,True,False,
sampotts,dhirajp1603/BDM-Capstone_Project,2024-08-09T06:16:58Z,0,0,,True,True,
sampotts,dhirajp1603/CG_Practicals,2023-09-26T10:40:08Z,0,0,C++,True,True,
sampotts,dhirajp1603/dhirajp1603,2023-09-26T08:43:11Z,0,0,,True,False,
Raathigesh,dhirajp1603/BDM-Capstone_Project,2024-08-09T06:16:58Z,0,0,,True,True,
Raathigesh,dhirajp1603/CG_Practicals,2023-09-26T10:40:08Z,0,0,C++,True,True,
Raathigesh,dhirajp1603/dhirajp1603,2023-09-26T08:43:11Z,0,0,,True,False,
SaitoWu,dhirajp1603/BDM-Capstone_Project,2024-08-09T06:16:58Z,0,0,,True,True,
SaitoWu,dhirajp1603/CG_Practicals,2023-09-26T10:40:08Z,0,0,C++,True,True,
SaitoWu,dhirajp1603/dhirajp1603,2023-09-26T08:43:11Z,0,0,,True,False,
futureshocked,dhirajp1603/BDM-Capstone_Project,2024-08-09T06:16:58Z,0,0,,True,True,
futureshocked,dhirajp1603/CG_Practicals,2023-09-26T10:40:08Z,0,0,C++,True,True,
futureshocked,dhirajp1603/dhirajp1603,2023-09-26T08:43:11Z,0,0,,True,False,
abdulla,dhirajp1603/BDM-Capstone_Project,2024-08-09T06:16:58Z,0,0,,True,True,
abdulla,dhirajp1603/CG_Practicals,2023-09-26T10:40:08Z,0,0,C++,True,True,
abdulla,dhirajp1603/dhirajp1603,2023-09-26T08:43:11Z,0,0,,True,False,
boyter,dhirajp1603/BDM-Capstone_Project,2024-08-09T06:16:58Z,0,0,,True,True,
boyter,dhirajp1603/CG_Practicals,2023-09-26T10:40:08Z,0,0,C++,True,True,
boyter,dhirajp1603/dhirajp1603,2023-09-26T08:43:11Z,0,0,,True,False,
thomaseizinger,dhirajp1603/BDM-Capstone_Project,2024-08-09T06:16:58Z,0,0,,True,True,
thomaseizinger,dhirajp1603/CG_Practicals,2023-09-26T10:40:08Z,0,0,C++,True,True,
thomaseizinger,dhirajp1603/dhirajp1603,2023-09-26T08:43:11Z,0,0,,True,False,
TakuSemba,dhirajp1603/BDM-Capstone_Project,2024-08-09T06:16:58Z,0,0,,True,True,
TakuSemba,dhirajp1603/CG_Practicals,2023-09-26T10:40:08Z,0,0,C++,True,True,
TakuSemba,dhirajp1603/dhirajp1603,2023-09-26T08:43:11Z,0,0,,True,False,
davidgilbertson,dhirajp1603/BDM-Capstone_Project,2024-08-09T06:16:58Z,0,0,,True,True,
davidgilbertson,dhirajp1603/CG_Practicals,2023-09-26T10:40:08Z,0,0,C++,True,True,
davidgilbertson,dhirajp1603/dhirajp1603,2023-09-26T08:43:11Z,0,0,,True,False,
pksjce,dhirajp1603/BDM-Capstone_Project,2024-08-09T06:16:58Z,0,0,,True,True,
pksjce,dhirajp1603/CG_Practicals,2023-09-26T10:40:08Z,0,0,C++,True,True,
pksjce,dhirajp1603/dhirajp1603,2023-09-26T08:43:11Z,0,0,,True,False,
leaanthony,dhirajp1603/BDM-Capstone_Project,2024-08-09T06:16:58Z,0,0,,True,True,
leaanthony,dhirajp1603/CG_Practicals,2023-09-26T10:40:08Z,0,0,C++,True,True,
leaanthony,dhirajp1603/dhirajp1603,2023-09-26T08:43:11Z,0,0,,True,False,
soarcn,dhirajp1603/BDM-Capstone_Project,2024-08-09T06:16:58Z,0,0,,True,True,
soarcn,dhirajp1603/CG_Practicals,2023-09-26T10:40:08Z,0,0,C++,True,True,
soarcn,dhirajp1603/dhirajp1603,2023-09-26T08:43:11Z,0,0,,True,False,
jossmac,dhirajp1603/BDM-Capstone_Project,2024-08-09T06:16:58Z,0,0,,True,True,
jossmac,dhirajp1603/CG_Practicals,2023-09-26T10:40:08Z,0,0,C++,True,True,
jossmac,dhirajp1603/dhirajp1603,2023-09-26T08:43:11Z,0,0,,True,False,
soyelmnd,dhirajp1603/BDM-Capstone_Project,2024-08-09T06:16:58Z,0,0,,True,True,
soyelmnd,dhirajp1603/CG_Practicals,2023-09-26T10:40:08Z,0,0,C++,True,True,
soyelmnd,dhirajp1603/dhirajp1603,2023-09-26T08:43:11Z,0,0,,True,False,
jnothman,dhirajp1603/BDM-Capstone_Project,2024-08-09T06:16:58Z,0,0,,True,True,
jnothman,dhirajp1603/CG_Practicals,2023-09-26T10:40:08Z,0,0,C++,True,True,
jnothman,dhirajp1603/dhirajp1603,2023-09-26T08:43:11Z,0,0,,True,False,
HamishMW,dhirajp1603/BDM-Capstone_Project,2024-08-09T06:16:58Z,0,0,,True,True,
HamishMW,dhirajp1603/CG_Practicals,2023-09-26T10:40:08Z,0,0,C++,True,True,
HamishMW,dhirajp1603/dhirajp1603,2023-09-26T08:43:11Z,0,0,,True,False,
rodjek,dhirajp1603/BDM-Capstone_Project,2024-08-09T06:16:58Z,0,0,,True,True,
rodjek,dhirajp1603/CG_Practicals,2023-09-26T10:40:08Z,0,0,C++,True,True,
rodjek,dhirajp1603/dhirajp1603,2023-09-26T08:43:11Z,0,0,,True,False,
tiagomatosweb,dhirajp1603/BDM-Capstone_Project,2024-08-09T06:16:58Z,0,0,,True,True,
tiagomatosweb,dhirajp1603/CG_Practicals,2023-09-26T10:40:08Z,0,0,C++,True,True,
tiagomatosweb,dhirajp1603/dhirajp1603,2023-09-26T08:43:11Z,0,0,,True,False,
Hujjat,dhirajp1603/BDM-Capstone_Project,2024-08-09T06:16:58Z,0,0,,True,True,
Hujjat,dhirajp1603/CG_Practicals,2023-09-26T10:40:08Z,0,0,C++,True,True,
Hujjat,dhirajp1603/dhirajp1603,2023-09-26T08:43:11Z,0,0,,True,False,
marionebl,dhirajp1603/BDM-Capstone_Project,2024-08-09T06:16:58Z,0,0,,True,True,
marionebl,dhirajp1603/CG_Practicals,2023-09-26T10:40:08Z,0,0,C++,True,True,
marionebl,dhirajp1603/dhirajp1603,2023-09-26T08:43:11Z,0,0,,True,False,
andrekolodochka,dhirajp1603/BDM-Capstone_Project,2024-08-09T06:16:58Z,0,0,,True,True,
andrekolodochka,dhirajp1603/CG_Practicals,2023-09-26T10:40:08Z,0,0,C++,True,True,
andrekolodochka,dhirajp1603/dhirajp1603,2023-09-26T08:43:11Z,0,0,,True,False,
runlevel5,dhirajp1603/BDM-Capstone_Project,2024-08-09T06:16:58Z,0,0,,True,True,
runlevel5,dhirajp1603/CG_Practicals,2023-09-26T10:40:08Z,0,0,C++,True,True,
runlevel5,dhirajp1603/dhirajp1603,2023-09-26T08:43:11Z,0,0,,True,False,
kevin-lee,dhirajp1603/BDM-Capstone_Project,2024-08-09T06:16:58Z,0,0,,True,True,
kevin-lee,dhirajp1603/CG_Practicals,2023-09-26T10:40:08Z,0,0,C++,True,True,
kevin-lee,dhirajp1603/dhirajp1603,2023-09-26T08:43:11Z,0,0,,True,False,
sachinruk,dhirajp1603/BDM-Capstone_Project,2024-08-09T06:16:58Z,0,0,,True,True,
sachinruk,dhirajp1603/CG_Practicals,2023-09-26T10:40:08Z,0,0,C++,True,True,
sachinruk,dhirajp1603/dhirajp1603,2023-09-26T08:43:11Z,0,0,,True,False,
robin-dela,dhirajp1603/BDM-Capstone_Project,2024-08-09T06:16:58Z,0,0,,True,True,
robin-dela,dhirajp1603/CG_Practicals,2023-09-26T10:40:08Z,0,0,C++,True,True,
robin-dela,dhirajp1603/dhirajp1603,2023-09-26T08:43:11Z,0,0,,True,False,
malcolmt,dhirajp1603/BDM-Capstone_Project,2024-08-09T06:16:58Z,0,0,,True,True,
malcolmt,dhirajp1603/CG_Practicals,2023-09-26T10:40:08Z,0,0,C++,True,True,
malcolmt,dhirajp1603/dhirajp1603,2023-09-26T08:43:11Z,0,0,,True,False,
MajicDesigns,dhirajp1603/BDM-Capstone_Project,2024-08-09T06:16:58Z,0,0,,True,True,
MajicDesigns,dhirajp1603/CG_Practicals,2023-09-26T10:40:08Z,0,0,C++,True,True,
MajicDesigns,dhirajp1603/dhirajp1603,2023-09-26T08:43:11Z,0,0,,True,False,
huxingyi,dhirajp1603/BDM-Capstone_Project,2024-08-09T06:16:58Z,0,0,,True,True,
huxingyi,dhirajp1603/CG_Practicals,2023-09-26T10:40:08Z,0,0,C++,True,True,
huxingyi,dhirajp1603/dhirajp1603,2023-09-26T08:43:11Z,0,0,,True,False,
jarrodwatts,dhirajp1603/BDM-Capstone_Project,2024-08-09T06:16:58Z,0,0,,True,True,
jarrodwatts,dhirajp1603/CG_Practicals,2023-09-26T10:40:08Z,0,0,C++,True,True,
jarrodwatts,dhirajp1603/dhirajp1603,2023-09-26T08:43:11Z,0,0,,True,False,
Z-Shang,dhirajp1603/BDM-Capstone_Project,2024-08-09T06:16:58Z,0,0,,True,True,
Z-Shang,dhirajp1603/CG_Practicals,2023-09-26T10:40:08Z,0,0,C++,True,True,
Z-Shang,dhirajp1603/dhirajp1603,2023-09-26T08:43:11Z,0,0,,True,False,
vaibhavsagar,dhirajp1603/BDM-Capstone_Project,2024-08-09T06:16:58Z,0,0,,True,True,
vaibhavsagar,dhirajp1603/CG_Practicals,2023-09-26T10:40:08Z,0,0,C++,True,True,
vaibhavsagar,dhirajp1603/dhirajp1603,2023-09-26T08:43:11Z,0,0,,True,False,
chewxy,dhirajp1603/BDM-Capstone_Project,2024-08-09T06:16:58Z,0,0,,True,True,
chewxy,dhirajp1603/CG_Practicals,2023-09-26T10:40:08Z,0,0,C++,True,True,
chewxy,dhirajp1603/dhirajp1603,2023-09-26T08:43:11Z,0,0,,True,False,
anthonygore,dhirajp1603/BDM-Capstone_Project,2024-08-09T06:16:58Z,0,0,,True,True,
anthonygore,dhirajp1603/CG_Practicals,2023-09-26T10:40:08Z,0,0,C++,True,True,
anthonygore,dhirajp1603/dhirajp1603,2023-09-26T08:43:11Z,0,0,,True,False,
mcauser,dhirajp1603/BDM-Capstone_Project,2024-08-09T06:16:58Z,0,0,,True,True,
mcauser,dhirajp1603/CG_Practicals,2023-09-26T10:40:08Z,0,0,C++,True,True,
mcauser,dhirajp1603/dhirajp1603,2023-09-26T08:43:11Z,0,0,,True,False,
lvarayut,dhirajp1603/BDM-Capstone_Project,2024-08-09T06:16:58Z,0,0,,True,True,
lvarayut,dhirajp1603/CG_Practicals,2023-09-26T10:40:08Z,0,0,C++,True,True,
lvarayut,dhirajp1603/dhirajp1603,2023-09-26T08:43:11Z,0,0,,True,False,
MewX,dhirajp1603/BDM-Capstone_Project,2024-08-09T06:16:58Z,0,0,,True,True,
MewX,dhirajp1603/CG_Practicals,2023-09-26T10:40:08Z,0,0,C++,True,True,
MewX,dhirajp1603/dhirajp1603,2023-09-26T08:43:11Z,0,0,,True,False,
twang2218,dhirajp1603/BDM-Capstone_Project,2024-08-09T06:16:58Z,0,0,,True,True,
twang2218,dhirajp1603/CG_Practicals,2023-09-26T10:40:08Z,0,0,C++,True,True,
twang2218,dhirajp1603/dhirajp1603,2023-09-26T08:43:11Z,0,0,,True,False,
pszklarska,dhirajp1603/BDM-Capstone_Project,2024-08-09T06:16:58Z,0,0,,True,True,
pszklarska,dhirajp1603/CG_Practicals,2023-09-26T10:40:08Z,0,0,C++,True,True,
pszklarska,dhirajp1603/dhirajp1603,2023-09-26T08:43:11Z,0,0,,True,False,
1hakr,dhirajp1603/BDM-Capstone_Project,2024-08-09T06:16:58Z,0,0,,True,True,
1hakr,dhirajp1603/CG_Practicals,2023-09-26T10:40:08Z,0,0,C++,True,True,
1hakr,dhirajp1603/dhirajp1603,2023-09-26T08:43:11Z,0,0,,True,False,
olebedev,dhirajp1603/BDM-Capstone_Project,2024-08-09T06:16:58Z,0,0,,True,True,
olebedev,dhirajp1603/CG_Practicals,2023-09-26T10:40:08Z,0,0,C++,True,True,
olebedev,dhirajp1603/dhirajp1603,2023-09-26T08:43:11Z,0,0,,True,False,
ngot,dhirajp1603/BDM-Capstone_Project,2024-08-09T06:16:58Z,0,0,,True,True,
ngot,dhirajp1603/CG_Practicals,2023-09-26T10:40:08Z,0,0,C++,True,True,
ngot,dhirajp1603/dhirajp1603,2023-09-26T08:43:11Z,0,0,,True,False,
SathyaBhat,dhirajp1603/BDM-Capstone_Project,2024-08-09T06:16:58Z,0,0,,True,True,
SathyaBhat,dhirajp1603/CG_Practicals,2023-09-26T10:40:08Z,0,0,C++,True,True,
SathyaBhat,dhirajp1603/dhirajp1603,2023-09-26T08:43:11Z,0,0,,True,False,
ryanheise,dhirajp1603/BDM-Capstone_Project,2024-08-09T06:16:58Z,0,0,,True,True,
ryanheise,dhirajp1603/CG_Practicals,2023-09-26T10:40:08Z,0,0,C++,True,True,
ryanheise,dhirajp1603/dhirajp1603,2023-09-26T08:43:11Z,0,0,,True,False,
ray-x,dhirajp1603/BDM-Capstone_Project,2024-08-09T06:16:58Z,0,0,,True,True,
ray-x,dhirajp1603/CG_Practicals,2023-09-26T10:40:08Z,0,0,C++,True,True,
ray-x,dhirajp1603/dhirajp1603,2023-09-26T08:43:11Z,0,0,,True,False,
michaelsproul,dhirajp1603/BDM-Capstone_Project,2024-08-09T06:16:58Z,0,0,,True,True,
michaelsproul,dhirajp1603/CG_Practicals,2023-09-26T10:40:08Z,0,0,C++,True,True,
michaelsproul,dhirajp1603/dhirajp1603,2023-09-26T08:43:11Z,0,0,,True,False,
45Drives,dhirajp1603/BDM-Capstone_Project,2024-08-09T06:16:58Z,0,0,,True,True,
45Drives,dhirajp1603/CG_Practicals,2023-09-26T10:40:08Z,0,0,C++,True,True,
45Drives,dhirajp1603/dhirajp1603,2023-09-26T08:43:11Z,0,0,,True,False,
nosir,dhirajp1603/BDM-Capstone_Project,2024-08-09T06:16:58Z,0,0,,True,True,
nosir,dhirajp1603/CG_Practicals,2023-09-26T10:40:08Z,0,0,C++,True,True,
nosir,dhirajp1603/dhirajp1603,2023-09-26T08:43:11Z,0,0,,True,False,
thushv89,dhirajp1603/BDM-Capstone_Project,2024-08-09T06:16:58Z,0,0,,True,True,
thushv89,dhirajp1603/CG_Practicals,2023-09-26T10:40:08Z,0,0,C++,True,True,
thushv89,dhirajp1603/dhirajp1603,2023-09-26T08:43:11Z,0,0,,True,False,
gloveboxes,dhirajp1603/BDM-Capstone_Project,2024-08-09T06:16:58Z,0,0,,True,True,
gloveboxes,dhirajp1603/CG_Practicals,2023-09-26T10:40:08Z,0,0,C++,True,True,
gloveboxes,dhirajp1603/dhirajp1603,2023-09-26T08:43:11Z,0,0,,True,False,
lebinh,dhirajp1603/BDM-Capstone_Project,2024-08-09T06:16:58Z,0,0,,True,True,
lebinh,dhirajp1603/CG_Practicals,2023-09-26T10:40:08Z,0,0,C++,True,True,
lebinh,dhirajp1603/dhirajp1603,2023-09-26T08:43:11Z,0,0,,True,False,
itsdouges,dhirajp1603/BDM-Capstone_Project,2024-08-09T06:16:58Z,0,0,,True,True,
itsdouges,dhirajp1603/CG_Practicals,2023-09-26T10:40:08Z,0,0,C++,True,True,
itsdouges,dhirajp1603/dhirajp1603,2023-09-26T08:43:11Z,0,0,,True,False,
ArjunAranetaCodes,dhirajp1603/BDM-Capstone_Project,2024-08-09T06:16:58Z,0,0,,True,True,
ArjunAranetaCodes,dhirajp1603/CG_Practicals,2023-09-26T10:40:08Z,0,0,C++,True,True,
ArjunAranetaCodes,dhirajp1603/dhirajp1603,2023-09-26T08:43:11Z,0,0,,True,False,
Showfom,dhirajp1603/BDM-Capstone_Project,2024-08-09T06:16:58Z,0,0,,True,True,
Showfom,dhirajp1603/CG_Practicals,2023-09-26T10:40:08Z,0,0,C++,True,True,
Showfom,dhirajp1603/dhirajp1603,2023-09-26T08:43:11Z,0,0,,True,False,
jesstelford,dhirajp1603/BDM-Capstone_Project,2024-08-09T06:16:58Z,0,0,,True,True,
jesstelford,dhirajp1603/CG_Practicals,2023-09-26T10:40:08Z,0,0,C++,True,True,
jesstelford,dhirajp1603/dhirajp1603,2023-09-26T08:43:11Z,0,0,,True,False,
josephj,dhirajp1603/BDM-Capstone_Project,2024-08-09T06:16:58Z,0,0,,True,True,
josephj,dhirajp1603/CG_Practicals,2023-09-26T10:40:08Z,0,0,C++,True,True,
josephj,dhirajp1603/dhirajp1603,2023-09-26T08:43:11Z,0,0,,True,False,
FagnerMartinsBrack,dhirajp1603/BDM-Capstone_Project,2024-08-09T06:16:58Z,0,0,,True,True,
FagnerMartinsBrack,dhirajp1603/CG_Practicals,2023-09-26T10:40:08Z,0,0,C++,True,True,
FagnerMartinsBrack,dhirajp1603/dhirajp1603,2023-09-26T08:43:11Z,0,0,,True,False,
danieldelcore,dhirajp1603/BDM-Capstone_Project,2024-08-09T06:16:58Z,0,0,,True,True,
danieldelcore,dhirajp1603/CG_Practicals,2023-09-26T10:40:08Z,0,0,C++,True,True,
danieldelcore,dhirajp1603/dhirajp1603,2023-09-26T08:43:11Z,0,0,,True,False,
FedericoTartarini,dhirajp1603/BDM-Capstone_Project,2024-08-09T06:16:58Z,0,0,,True,True,
FedericoTartarini,dhirajp1603/CG_Practicals,2023-09-26T10:40:08Z,0,0,C++,True,True,
FedericoTartarini,dhirajp1603/dhirajp1603,2023-09-26T08:43:11Z,0,0,,True,False,
kaievns,dhirajp1603/BDM-Capstone_Project,2024-08-09T06:16:58Z,0,0,,True,True,
kaievns,dhirajp1603/CG_Practicals,2023-09-26T10:40:08Z,0,0,C++,True,True,
kaievns,dhirajp1603/dhirajp1603,2023-09-26T08:43:11Z,0,0,,True,False,
yamadapc,dhirajp1603/BDM-Capstone_Project,2024-08-09T06:16:58Z,0,0,,True,True,
yamadapc,dhirajp1603/CG_Practicals,2023-09-26T10:40:08Z,0,0,C++,True,True,
yamadapc,dhirajp1603/dhirajp1603,2023-09-26T08:43:11Z,0,0,,True,False,
alice,dhirajp1603/BDM-Capstone_Project,2024-08-09T06:16:58Z,0,0,,True,True,
alice,dhirajp1603/CG_Practicals,2023-09-26T10:40:08Z,0,0,C++,True,True,
alice,dhirajp1603/dhirajp1603,2023-09-26T08:43:11Z,0,0,,True,False,
rikka0w0,dhirajp1603/BDM-Capstone_Project,2024-08-09T06:16:58Z,0,0,,True,True,
rikka0w0,dhirajp1603/CG_Practicals,2023-09-26T10:40:08Z,0,0,C++,True,True,
rikka0w0,dhirajp1603/dhirajp1603,2023-09-26T08:43:11Z,0,0,,True,False,
ibigbug,dhirajp1603/BDM-Capstone_Project,2024-08-09T06:16:58Z,0,0,,True,True,
ibigbug,dhirajp1603/CG_Practicals,2023-09-26T10:40:08Z,0,0,C++,True,True,
ibigbug,dhirajp1603/dhirajp1603,2023-09-26T08:43:11Z,0,0,,True,False,
duncanhunter,dhirajp1603/BDM-Capstone_Project,2024-08-09T06:16:58Z,0,0,,True,True,
duncanhunter,dhirajp1603/CG_Practicals,2023-09-26T10:40:08Z,0,0,C++,True,True,
duncanhunter,dhirajp1603/dhirajp1603,2023-09-26T08:43:11Z,0,0,,True,False,
apkelly,dhirajp1603/BDM-Capstone_Project,2024-08-09T06:16:58Z,0,0,,True,True,
apkelly,dhirajp1603/CG_Practicals,2023-09-26T10:40:08Z,0,0,C++,True,True,
apkelly,dhirajp1603/dhirajp1603,2023-09-26T08:43:11Z,0,0,,True,False,
lukakerr,dhirajp1603/BDM-Capstone_Project,2024-08-09T06:16:58Z,0,0,,True,True,
lukakerr,dhirajp1603/CG_Practicals,2023-09-26T10:40:08Z,0,0,C++,True,True,
lukakerr,dhirajp1603/dhirajp1603,2023-09-26T08:43:11Z,0,0,,True,False,
sigp,dhirajp1603/BDM-Capstone_Project,2024-08-09T06:16:58Z,0,0,,True,True,
sigp,dhirajp1603/CG_Practicals,2023-09-26T10:40:08Z,0,0,C++,True,True,
sigp,dhirajp1603/dhirajp1603,2023-09-26T08:43:11Z,0,0,,True,False,
Avangelista,dhirajp1603/BDM-Capstone_Project,2024-08-09T06:16:58Z,0,0,,True,True,
Avangelista,dhirajp1603/CG_Practicals,2023-09-26T10:40:08Z,0,0,C++,True,True,
Avangelista,dhirajp1603/dhirajp1603,2023-09-26T08:43:11Z,0,0,,True,False,
kuz,dhirajp1603/BDM-Capstone_Project,2024-08-09T06:16:58Z,0,0,,True,True,
kuz,dhirajp1603/CG_Practicals,2023-09-26T10:40:08Z,0,0,C++,True,True,
kuz,dhirajp1603/dhirajp1603,2023-09-26T08:43:11Z,0,0,,True,False,
pentestfunctions,dhirajp1603/BDM-Capstone_Project,2024-08-09T06:16:58Z,0,0,,True,True,
pentestfunctions,dhirajp1603/CG_Practicals,2023-09-26T10:40:08Z,0,0,C++,True,True,
pentestfunctions,dhirajp1603/dhirajp1603,2023-09-26T08:43:11Z,0,0,,True,False,
gustavohenke,dhirajp1603/BDM-Capstone_Project,2024-08-09T06:16:58Z,0,0,,True,True,
gustavohenke,dhirajp1603/CG_Practicals,2023-09-26T10:40:08Z,0,0,C++,True,True,
gustavohenke,dhirajp1603/dhirajp1603,2023-09-26T08:43:11Z,0,0,,True,False,
mikel,dhirajp1603/BDM-Capstone_Project,2024-08-09T06:16:58Z,0,0,,True,True,
mikel,dhirajp1603/CG_Practicals,2023-09-26T10:40:08Z,0,0,C++,True,True,
mikel,dhirajp1603/dhirajp1603,2023-09-26T08:43:11Z,0,0,,True,False,
alessandrod,dhirajp1603/BDM-Capstone_Project,2024-08-09T06:16:58Z,0,0,,True,True,
alessandrod,dhirajp1603/CG_Practicals,2023-09-26T10:40:08Z,0,0,C++,True,True,
alessandrod,dhirajp1603/dhirajp1603,2023-09-26T08:43:11Z,0,0,,True,False,
Moult,dhirajp1603/BDM-Capstone_Project,2024-08-09T06:16:58Z,0,0,,True,True,
Moult,dhirajp1603/CG_Practicals,2023-09-26T10:40:08Z,0,0,C++,True,True,
Moult,dhirajp1603/dhirajp1603,2023-09-26T08:43:11Z,0,0,,True,False,
AlexStormwood,dhirajp1603/BDM-Capstone_Project,2024-08-09T06:16:58Z,0,0,,True,True,
AlexStormwood,dhirajp1603/CG_Practicals,2023-09-26T10:40:08Z,0,0,C++,True,True,
AlexStormwood,dhirajp1603/dhirajp1603,2023-09-26T08:43:11Z,0,0,,True,False,
alexgurr,dhirajp1603/BDM-Capstone_Project,2024-08-09T06:16:58Z,0,0,,True,True,
alexgurr,dhirajp1603/CG_Practicals,2023-09-26T10:40:08Z,0,0,C++,True,True,
alexgurr,dhirajp1603/dhirajp1603,2023-09-26T08:43:11Z,0,0,,True,False,
jshwi,dhirajp1603/BDM-Capstone_Project,2024-08-09T06:16:58Z,0,0,,True,True,
jshwi,dhirajp1603/CG_Practicals,2023-09-26T10:40:08Z,0,0,C++,True,True,
jshwi,dhirajp1603/dhirajp1603,2023-09-26T08:43:11Z,0,0,,True,False,
bradwoods,dhirajp1603/BDM-Capstone_Project,2024-08-09T06:16:58Z,0,0,,True,True,
bradwoods,dhirajp1603/CG_Practicals,2023-09-26T10:40:08Z,0,0,C++,True,True,
bradwoods,dhirajp1603/dhirajp1603,2023-09-26T08:43:11Z,0,0,,True,False,
stowball,dhirajp1603/BDM-Capstone_Project,2024-08-09T06:16:58Z,0,0,,True,True,
stowball,dhirajp1603/CG_Practicals,2023-09-26T10:40:08Z,0,0,C++,True,True,
stowball,dhirajp1603/dhirajp1603,2023-09-26T08:43:11Z,0,0,,True,False,
h4m5t,dhirajp1603/BDM-Capstone_Project,2024-08-09T06:16:58Z,0,0,,True,True,
h4m5t,dhirajp1603/CG_Practicals,2023-09-26T10:40:08Z,0,0,C++,True,True,
h4m5t,dhirajp1603/dhirajp1603,2023-09-26T08:43:11Z,0,0,,True,False,
mattray,dhirajp1603/BDM-Capstone_Project,2024-08-09T06:16:58Z,0,0,,True,True,
mattray,dhirajp1603/CG_Practicals,2023-09-26T10:40:08Z,0,0,C++,True,True,
mattray,dhirajp1603/dhirajp1603,2023-09-26T08:43:11Z,0,0,,True,False,
woolworthslimited,dhirajp1603/BDM-Capstone_Project,2024-08-09T06:16:58Z,0,0,,True,True,
woolworthslimited,dhirajp1603/CG_Practicals,2023-09-26T10:40:08Z,0,0,C++,True,True,
woolworthslimited,dhirajp1603/dhirajp1603,2023-09-26T08:43:11Z,0,0,,True,False,
ydkhatri,dhirajp1603/BDM-Capstone_Project,2024-08-09T06:16:58Z,0,0,,True,True,
ydkhatri,dhirajp1603/CG_Practicals,2023-09-26T10:40:08Z,0,0,C++,True,True,
ydkhatri,dhirajp1603/dhirajp1603,2023-09-26T08:43:11Z,0,0,,True,False,
JizhiziLi,dhirajp1603/BDM-Capstone_Project,2024-08-09T06:16:58Z,0,0,,True,True,
JizhiziLi,dhirajp1603/CG_Practicals,2023-09-26T10:40:08Z,0,0,C++,True,True,
JizhiziLi,dhirajp1603/dhirajp1603,2023-09-26T08:43:11Z,0,0,,True,False,
amaarora,dhirajp1603/BDM-Capstone_Project,2024-08-09T06:16:58Z,0,0,,True,True,
amaarora,dhirajp1603/CG_Practicals,2023-09-26T10:40:08Z,0,0,C++,True,True,
amaarora,dhirajp1603/dhirajp1603,2023-09-26T08:43:11Z,0,0,,True,False,
Bluebie,dhirajp1603/BDM-Capstone_Project,2024-08-09T06:16:58Z,0,0,,True,True,
Bluebie,dhirajp1603/CG_Practicals,2023-09-26T10:40:08Z,0,0,C++,True,True,
Bluebie,dhirajp1603/dhirajp1603,2023-09-26T08:43:11Z,0,0,,True,False,
amysimmons,dhirajp1603/BDM-Capstone_Project,2024-08-09T06:16:58Z,0,0,,True,True,
amysimmons,dhirajp1603/CG_Practicals,2023-09-26T10:40:08Z,0,0,C++,True,True,
amysimmons,dhirajp1603/dhirajp1603,2023-09-26T08:43:11Z,0,0,,True,False,
unicar9,dhirajp1603/BDM-Capstone_Project,2024-08-09T06:16:58Z,0,0,,True,True,
unicar9,dhirajp1603/CG_Practicals,2023-09-26T10:40:08Z,0,0,C++,True,True,
unicar9,dhirajp1603/dhirajp1603,2023-09-26T08:43:11Z,0,0,,True,False,
laurencei,dhirajp1603/BDM-Capstone_Project,2024-08-09T06:16:58Z,0,0,,True,True,
laurencei,dhirajp1603/CG_Practicals,2023-09-26T10:40:08Z,0,0,C++,True,True,
laurencei,dhirajp1603/dhirajp1603,2023-09-26T08:43:11Z,0,0,,True,False,
laktek,dhirajp1603/BDM-Capstone_Project,2024-08-09T06:16:58Z,0,0,,True,True,
laktek,dhirajp1603/CG_Practicals,2023-09-26T10:40:08Z,0,0,C++,True,True,
laktek,dhirajp1603/dhirajp1603,2023-09-26T08:43:11Z,0,0,,True,False,
EEVblog,dhirajp1603/BDM-Capstone_Project,2024-08-09T06:16:58Z,0,0,,True,True,
EEVblog,dhirajp1603/CG_Practicals,2023-09-26T10:40:08Z,0,0,C++,True,True,
EEVblog,dhirajp1603/dhirajp1603,2023-09-26T08:43:11Z,0,0,,True,False,
donsbot,dhirajp1603/BDM-Capstone_Project,2024-08-09T06:16:58Z,0,0,,True,True,
donsbot,dhirajp1603/CG_Practicals,2023-09-26T10:40:08Z,0,0,C++,True,True,
donsbot,dhirajp1603/dhirajp1603,2023-09-26T08:43:11Z,0,0,,True,False,
stanleyhuangyc,dhirajp1603/BDM-Capstone_Project,2024-08-09T06:16:58Z,0,0,,True,True,
stanleyhuangyc,dhirajp1603/CG_Practicals,2023-09-26T10:40:08Z,0,0,C++,True,True,
stanleyhuangyc,dhirajp1603/dhirajp1603,2023-09-26T08:43:11Z,0,0,,True,False,
TokenScript,dhirajp1603/BDM-Capstone_Project,2024-08-09T06:16:58Z,0,0,,True,True,
TokenScript,dhirajp1603/CG_Practicals,2023-09-26T10:40:08Z,0,0,C++,True,True,
TokenScript,dhirajp1603/dhirajp1603,2023-09-26T08:43:11Z,0,0,,True,False,
drsimonj,dhirajp1603/BDM-Capstone_Project,2024-08-09T06:16:58Z,0,0,,True,True,
drsimonj,dhirajp1603/CG_Practicals,2023-09-26T10:40:08Z,0,0,C++,True,True,
drsimonj,dhirajp1603/dhirajp1603,2023-09-26T08:43:11Z,0,0,,True,False,
kring,dhirajp1603/BDM-Capstone_Project,2024-08-09T06:16:58Z,0,0,,True,True,
kring,dhirajp1603/CG_Practicals,2023-09-26T10:40:08Z,0,0,C++,True,True,
kring,dhirajp1603/dhirajp1603,2023-09-26T08:43:11Z,0,0,,True,False,
unsw-edu-au,dhirajp1603/BDM-Capstone_Project,2024-08-09T06:16:58Z,0,0,,True,True,
unsw-edu-au,dhirajp1603/CG_Practicals,2023-09-26T10:40:08Z,0,0,C++,True,True,
unsw-edu-au,dhirajp1603/dhirajp1603,2023-09-26T08:43:11Z,0,0,,True,False,
bigcommerce,dhirajp1603/BDM-Capstone_Project,2024-08-09T06:16:58Z,0,0,,True,True,
bigcommerce,dhirajp1603/CG_Practicals,2023-09-26T10:40:08Z,0,0,C++,True,True,
bigcommerce,dhirajp1603/dhirajp1603,2023-09-26T08:43:11Z,0,0,,True,False,
cht8687,dhirajp1603/BDM-Capstone_Project,2024-08-09T06:16:58Z,0,0,,True,True,
cht8687,dhirajp1603/CG_Practicals,2023-09-26T10:40:08Z,0,0,C++,True,True,
cht8687,dhirajp1603/dhirajp1603,2023-09-26T08:43:11Z,0,0,,True,False,
robbievanleeuwen,dhirajp1603/BDM-Capstone_Project,2024-08-09T06:16:58Z,0,0,,True,True,
robbievanleeuwen,dhirajp1603/CG_Practicals,2023-09-26T10:40:08Z,0,0,C++,True,True,
robbievanleeuwen,dhirajp1603/dhirajp1603,2023-09-26T08:43:11Z,0,0,,True,False,
bennetthardwick,dhirajp1603/BDM-Capstone_Project,2024-08-09T06:16:58Z,0,0,,True,True,
bennetthardwick,dhirajp1603/CG_Practicals,2023-09-26T10:40:08Z,0,0,C++,True,True,
bennetthardwick,dhirajp1603/dhirajp1603,2023-09-26T08:43:11Z,0,0,,True,False,
directorcia,dhirajp1603/BDM-Capstone_Project,2024-08-09T06:16:58Z,0,0,,True,True,
directorcia,dhirajp1603/CG_Practicals,2023-09-26T10:40:08Z,0,0,C++,True,True,
directorcia,dhirajp1603/dhirajp1603,2023-09-26T08:43:11Z,0,0,,True,False,
randomaccess3,dhirajp1603/BDM-Capstone_Project,2024-08-09T06:16:58Z,0,0,,True,True,
randomaccess3,dhirajp1603/CG_Practicals,2023-09-26T10:40:08Z,0,0,C++,True,True,
randomaccess3,dhirajp1603/dhirajp1603,2023-09-26T08:43:11Z,0,0,,True,False,
wileam,dhirajp1603/BDM-Capstone_Project,2024-08-09T06:16:58Z,0,0,,True,True,
wileam,dhirajp1603/CG_Practicals,2023-09-26T10:40:08Z,0,0,C++,True,True,
wileam,dhirajp1603/dhirajp1603,2023-09-26T08:43:11Z,0,0,,True,False,
LesleyLai,dhirajp1603/BDM-Capstone_Project,2024-08-09T06:16:58Z,0,0,,True,True,
LesleyLai,dhirajp1603/CG_Practicals,2023-09-26T10:40:08Z,0,0,C++,True,True,
LesleyLai,dhirajp1603/dhirajp1603,2023-09-26T08:43:11Z,0,0,,True,False,
slavaim,dhirajp1603/BDM-Capstone_Project,2024-08-09T06:16:58Z,0,0,,True,True,
slavaim,dhirajp1603/CG_Practicals,2023-09-26T10:40:08Z,0,0,C++,True,True,
slavaim,dhirajp1603/dhirajp1603,2023-09-26T08:43:11Z,0,0,,True,False,
dwightwatson,dhirajp1603/BDM-Capstone_Project,2024-08-09T06:16:58Z,0,0,,True,True,
dwightwatson,dhirajp1603/CG_Practicals,2023-09-26T10:40:08Z,0,0,C++,True,True,
dwightwatson,dhirajp1603/dhirajp1603,2023-09-26T08:43:11Z,0,0,,True,False,
walissoncom,dhirajp1603/BDM-Capstone_Project,2024-08-09T06:16:58Z,0,0,,True,True,
walissoncom,dhirajp1603/CG_Practicals,2023-09-26T10:40:08Z,0,0,C++,True,True,
walissoncom,dhirajp1603/dhirajp1603,2023-09-26T08:43:11Z,0,0,,True,False,
CMCDragonkai,dhirajp1603/BDM-Capstone_Project,2024-08-09T06:16:58Z,0,0,,True,True,
CMCDragonkai,dhirajp1603/CG_Practicals,2023-09-26T10:40:08Z,0,0,C++,True,True,
CMCDragonkai,dhirajp1603/dhirajp1603,2023-09-26T08:43:11Z,0,0,,True,False,
adamhannigan,dhirajp1603/BDM-Capstone_Project,2024-08-09T06:16:58Z,0,0,,True,True,
adamhannigan,dhirajp1603/CG_Practicals,2023-09-26T10:40:08Z,0,0,C++,True,True,
adamhannigan,dhirajp1603/dhirajp1603,2023-09-26T08:43:11Z,0,0,,True,False,
rogchap,dhirajp1603/BDM-Capstone_Project,2024-08-09T06:16:58Z,0,0,,True,True,
rogchap,dhirajp1603/CG_Practicals,2023-09-26T10:40:08Z,0,0,C++,True,True,
rogchap,dhirajp1603/dhirajp1603,2023-09-26T08:43:11Z,0,0,,True,False,
fwouts,dhirajp1603/BDM-Capstone_Project,2024-08-09T06:16:58Z,0,0,,True,True,
fwouts,dhirajp1603/CG_Practicals,2023-09-26T10:40:08Z,0,0,C++,True,True,
fwouts,dhirajp1603/dhirajp1603,2023-09-26T08:43:11Z,0,0,,True,False,
TomasBeuzen,dhirajp1603/BDM-Capstone_Project,2024-08-09T06:16:58Z,0,0,,True,True,
TomasBeuzen,dhirajp1603/CG_Practicals,2023-09-26T10:40:08Z,0,0,C++,True,True,
TomasBeuzen,dhirajp1603/dhirajp1603,2023-09-26T08:43:11Z,0,0,,True,False,
bennyxguo,dhirajp1603/BDM-Capstone_Project,2024-08-09T06:16:58Z,0,0,,True,True,
bennyxguo,dhirajp1603/CG_Practicals,2023-09-26T10:40:08Z,0,0,C++,True,True,
bennyxguo,dhirajp1603/dhirajp1603,2023-09-26T08:43:11Z,0,0,,True,False,
davidlattimore,dhirajp1603/BDM-Capstone_Project,2024-08-09T06:16:58Z,0,0,,True,True,
davidlattimore,dhirajp1603/CG_Practicals,2023-09-26T10:40:08Z,0,0,C++,True,True,
davidlattimore,dhirajp1603/dhirajp1603,2023-09-26T08:43:11Z,0,0,,True,False,
bensonruan,dhirajp1603/BDM-Capstone_Project,2024-08-09T06:16:58Z,0,0,,True,True,
bensonruan,dhirajp1603/CG_Practicals,2023-09-26T10:40:08Z,0,0,C++,True,True,
bensonruan,dhirajp1603/dhirajp1603,2023-09-26T08:43:11Z,0,0,,True,False,
AgeManning,dhirajp1603/BDM-Capstone_Project,2024-08-09T06:16:58Z,0,0,,True,True,
AgeManning,dhirajp1603/CG_Practicals,2023-09-26T10:40:08Z,0,0,C++,True,True,
AgeManning,dhirajp1603/dhirajp1603,2023-09-26T08:43:11Z,0,0,,True,False,
julapy,dhirajp1603/BDM-Capstone_Project,2024-08-09T06:16:58Z,0,0,,True,True,
julapy,dhirajp1603/CG_Practicals,2023-09-26T10:40:08Z,0,0,C++,True,True,
julapy,dhirajp1603/dhirajp1603,2023-09-26T08:43:11Z,0,0,,True,False,
mikeyhodl,dhirajp1603/BDM-Capstone_Project,2024-08-09T06:16:58Z,0,0,,True,True,
mikeyhodl,dhirajp1603/CG_Practicals,2023-09-26T10:40:08Z,0,0,C++,True,True,
mikeyhodl,dhirajp1603/dhirajp1603,2023-09-26T08:43:11Z,0,0,,True,False,
benfulcher,dhirajp1603/BDM-Capstone_Project,2024-08-09T06:16:58Z,0,0,,True,True,
benfulcher,dhirajp1603/CG_Practicals,2023-09-26T10:40:08Z,0,0,C++,True,True,
benfulcher,dhirajp1603/dhirajp1603,2023-09-26T08:43:11Z,0,0,,True,False,
rid00z,dhirajp1603/BDM-Capstone_Project,2024-08-09T06:16:58Z,0,0,,True,True,
rid00z,dhirajp1603/CG_Practicals,2023-09-26T10:40:08Z,0,0,C++,True,True,
rid00z,dhirajp1603/dhirajp1603,2023-09-26T08:43:11Z,0,0,,True,False,
mvandermeulen,dhirajp1603/BDM-Capstone_Project,2024-08-09T06:16:58Z,0,0,,True,True,
mvandermeulen,dhirajp1603/CG_Practicals,2023-09-26T10:40:08Z,0,0,C++,True,True,
mvandermeulen,dhirajp1603/dhirajp1603,2023-09-26T08:43:11Z,0,0,,True,False,
greenlaw110,dhirajp1603/BDM-Capstone_Project,2024-08-09T06:16:58Z,0,0,,True,True,
greenlaw110,dhirajp1603/CG_Practicals,2023-09-26T10:40:08Z,0,0,C++,True,True,
greenlaw110,dhirajp1603/dhirajp1603,2023-09-26T08:43:11Z,0,0,,True,False,
RomaTeng,dhirajp1603/BDM-Capstone_Project,2024-08-09T06:16:58Z,0,0,,True,True,
RomaTeng,dhirajp1603/CG_Practicals,2023-09-26T10:40:08Z,0,0,C++,True,True,
RomaTeng,dhirajp1603/dhirajp1603,2023-09-26T08:43:11Z,0,0,,True,False,
abstractspoon,dhirajp1603/BDM-Capstone_Project,2024-08-09T06:16:58Z,0,0,,True,True,
abstractspoon,dhirajp1603/CG_Practicals,2023-09-26T10:40:08Z,0,0,C++,True,True,
abstractspoon,dhirajp1603/dhirajp1603,2023-09-26T08:43:11Z,0,0,,True,False,
lifeparticle,dhirajp1603/BDM-Capstone_Project,2024-08-09T06:16:58Z,0,0,,True,True,
lifeparticle,dhirajp1603/CG_Practicals,2023-09-26T10:40:08Z,0,0,C++,True,True,
lifeparticle,dhirajp1603/dhirajp1603,2023-09-26T08:43:11Z,0,0,,True,False,
tcharding,dhirajp1603/BDM-Capstone_Project,2024-08-09T06:16:58Z,0,0,,True,True,
tcharding,dhirajp1603/CG_Practicals,2023-09-26T10:40:08Z,0,0,C++,True,True,
tcharding,dhirajp1603/dhirajp1603,2023-09-26T08:43:11Z,0,0,,True,False,
bberak,dhirajp1603/BDM-Capstone_Project,2024-08-09T06:16:58Z,0,0,,True,True,
bberak,dhirajp1603/CG_Practicals,2023-09-26T10:40:08Z,0,0,C++,True,True,
bberak,dhirajp1603/dhirajp1603,2023-09-26T08:43:11Z,0,0,,True,False,
alphadl,dhirajp1603/BDM-Capstone_Project,2024-08-09T06:16:58Z,0,0,,True,True,
alphadl,dhirajp1603/CG_Practicals,2023-09-26T10:40:08Z,0,0,C++,True,True,
alphadl,dhirajp1603/dhirajp1603,2023-09-26T08:43:11Z,0,0,,True,False,
he-y,dhirajp1603/BDM-Capstone_Project,2024-08-09T06:16:58Z,0,0,,True,True,
he-y,dhirajp1603/CG_Practicals,2023-09-26T10:40:08Z,0,0,C++,True,True,
he-y,dhirajp1603/dhirajp1603,2023-09-26T08:43:11Z,0,0,,True,False,
Meligy,dhirajp1603/BDM-Capstone_Project,2024-08-09T06:16:58Z,0,0,,True,True,
Meligy,dhirajp1603/CG_Practicals,2023-09-26T10:40:08Z,0,0,C++,True,True,
Meligy,dhirajp1603/dhirajp1603,2023-09-26T08:43:11Z,0,0,,True,False,
zcaudate,dhirajp1603/BDM-Capstone_Project,2024-08-09T06:16:58Z,0,0,,True,True,
zcaudate,dhirajp1603/CG_Practicals,2023-09-26T10:40:08Z,0,0,C++,True,True,
zcaudate,dhirajp1603/dhirajp1603,2023-09-26T08:43:11Z,0,0,,True,False,
kvos,dhirajp1603/BDM-Capstone_Project,2024-08-09T06:16:58Z,0,0,,True,True,
kvos,dhirajp1603/CG_Practicals,2023-09-26T10:40:08Z,0,0,C++,True,True,
kvos,dhirajp1603/dhirajp1603,2023-09-26T08:43:11Z,0,0,,True,False,
PinkyJie,dhirajp1603/BDM-Capstone_Project,2024-08-09T06:16:58Z,0,0,,True,True,
PinkyJie,dhirajp1603/CG_Practicals,2023-09-26T10:40:08Z,0,0,C++,True,True,
PinkyJie,dhirajp1603/dhirajp1603,2023-09-26T08:43:11Z,0,0,,True,False,
zmdominguez,dhirajp1603/BDM-Capstone_Project,2024-08-09T06:16:58Z,0,0,,True,True,
zmdominguez,dhirajp1603/CG_Practicals,2023-09-26T10:40:08Z,0,0,C++,True,True,
zmdominguez,dhirajp1603/dhirajp1603,2023-09-26T08:43:11Z,0,0,,True,False,
paulfioravanti,dhirajp1603/BDM-Capstone_Project,2024-08-09T06:16:58Z,0,0,,True,True,
paulfioravanti,dhirajp1603/CG_Practicals,2023-09-26T10:40:08Z,0,0,C++,True,True,
paulfioravanti,dhirajp1603/dhirajp1603,2023-09-26T08:43:11Z,0,0,,True,False,
jimmo,dhirajp1603/BDM-Capstone_Project,2024-08-09T06:16:58Z,0,0,,True,True,
jimmo,dhirajp1603/CG_Practicals,2023-09-26T10:40:08Z,0,0,C++,True,True,
jimmo,dhirajp1603/dhirajp1603,2023-09-26T08:43:11Z,0,0,,True,False,
vnik5287,dhirajp1603/BDM-Capstone_Project,2024-08-09T06:16:58Z,0,0,,True,True,
vnik5287,dhirajp1603/CG_Practicals,2023-09-26T10:40:08Z,0,0,C++,True,True,
vnik5287,dhirajp1603/dhirajp1603,2023-09-26T08:43:11Z,0,0,,True,False,
Vercidium,dhirajp1603/BDM-Capstone_Project,2024-08-09T06:16:58Z,0,0,,True,True,
Vercidium,dhirajp1603/CG_Practicals,2023-09-26T10:40:08Z,0,0,C++,True,True,
Vercidium,dhirajp1603/dhirajp1603,2023-09-26T08:43:11Z,0,0,,True,False,
naddison36,dhirajp1603/BDM-Capstone_Project,2024-08-09T06:16:58Z,0,0,,True,True,
naddison36,dhirajp1603/CG_Practicals,2023-09-26T10:40:08Z,0,0,C++,True,True,
naddison36,dhirajp1603/dhirajp1603,2023-09-26T08:43:11Z,0,0,,True,False,
tuanvnguyen,dhirajp1603/BDM-Capstone_Project,2024-08-09T06:16:58Z,0,0,,True,True,
tuanvnguyen,dhirajp1603/CG_Practicals,2023-09-26T10:40:08Z,0,0,C++,True,True,
tuanvnguyen,dhirajp1603/dhirajp1603,2023-09-26T08:43:11Z,0,0,,True,False,
jordwest,dhirajp1603/BDM-Capstone_Project,2024-08-09T06:16:58Z,0,0,,True,True,
jordwest,dhirajp1603/CG_Practicals,2023-09-26T10:40:08Z,0,0,C++,True,True,
jordwest,dhirajp1603/dhirajp1603,2023-09-26T08:43:11Z,0,0,,True,False,
btnguyen2k,dhirajp1603/BDM-Capstone_Project,2024-08-09T06:16:58Z,0,0,,True,True,
btnguyen2k,dhirajp1603/CG_Practicals,2023-09-26T10:40:08Z,0,0,C++,True,True,
btnguyen2k,dhirajp1603/dhirajp1603,2023-09-26T08:43:11Z,0,0,,True,False,
albertstill,dhirajp1603/BDM-Capstone_Project,2024-08-09T06:16:58Z,0,0,,True,True,
albertstill,dhirajp1603/CG_Practicals,2023-09-26T10:40:08Z,0,0,C++,True,True,
albertstill,dhirajp1603/dhirajp1603,2023-09-26T08:43:11Z,0,0,,True,False,
modenaxe,dhirajp1603/BDM-Capstone_Project,2024-08-09T06:16:58Z,0,0,,True,True,
modenaxe,dhirajp1603/CG_Practicals,2023-09-26T10:40:08Z,0,0,C++,True,True,
modenaxe,dhirajp1603/dhirajp1603,2023-09-26T08:43:11Z,0,0,,True,False,
nutboltu,dhirajp1603/BDM-Capstone_Project,2024-08-09T06:16:58Z,0,0,,True,True,
nutboltu,dhirajp1603/CG_Practicals,2023-09-26T10:40:08Z,0,0,C++,True,True,
nutboltu,dhirajp1603/dhirajp1603,2023-09-26T08:43:11Z,0,0,,True,False,
timgates42,dhirajp1603/BDM-Capstone_Project,2024-08-09T06:16:58Z,0,0,,True,True,
timgates42,dhirajp1603/CG_Practicals,2023-09-26T10:40:08Z,0,0,C++,True,True,
timgates42,dhirajp1603/dhirajp1603,2023-09-26T08:43:11Z,0,0,,True,False,
brendanmurty,dhirajp1603/BDM-Capstone_Project,2024-08-09T06:16:58Z,0,0,,True,True,
brendanmurty,dhirajp1603/CG_Practicals,2023-09-26T10:40:08Z,0,0,C++,True,True,
brendanmurty,dhirajp1603/dhirajp1603,2023-09-26T08:43:11Z,0,0,,True,False,
RussKie,dhirajp1603/BDM-Capstone_Project,2024-08-09T06:16:58Z,0,0,,True,True,
RussKie,dhirajp1603/CG_Practicals,2023-09-26T10:40:08Z,0,0,C++,True,True,
RussKie,dhirajp1603/dhirajp1603,2023-09-26T08:43:11Z,0,0,,True,False,
tmcgilchrist,dhirajp1603/BDM-Capstone_Project,2024-08-09T06:16:58Z,0,0,,True,True,
tmcgilchrist,dhirajp1603/CG_Practicals,2023-09-26T10:40:08Z,0,0,C++,True,True,
tmcgilchrist,dhirajp1603/dhirajp1603,2023-09-26T08:43:11Z,0,0,,True,False,
enzyme69,dhirajp1603/BDM-Capstone_Project,2024-08-09T06:16:58Z,0,0,,True,True,
enzyme69,dhirajp1603/CG_Practicals,2023-09-26T10:40:08Z,0,0,C++,True,True,
enzyme69,dhirajp1603/dhirajp1603,2023-09-26T08:43:11Z,0,0,,True,False,
jtblin,dhirajp1603/BDM-Capstone_Project,2024-08-09T06:16:58Z,0,0,,True,True,
jtblin,dhirajp1603/CG_Practicals,2023-09-26T10:40:08Z,0,0,C++,True,True,
jtblin,dhirajp1603/dhirajp1603,2023-09-26T08:43:11Z,0,0,,True,False,
cxong,dhirajp1603/BDM-Capstone_Project,2024-08-09T06:16:58Z,0,0,,True,True,
cxong,dhirajp1603/CG_Practicals,2023-09-26T10:40:08Z,0,0,C++,True,True,
cxong,dhirajp1603/dhirajp1603,2023-09-26T08:43:11Z,0,0,,True,False,
vicr123,dhirajp1603/BDM-Capstone_Project,2024-08-09T06:16:58Z,0,0,,True,True,
vicr123,dhirajp1603/CG_Practicals,2023-09-26T10:40:08Z,0,0,C++,True,True,
vicr123,dhirajp1603/dhirajp1603,2023-09-26T08:43:11Z,0,0,,True,False,
mike-thompson-day8,dhirajp1603/BDM-Capstone_Project,2024-08-09T06:16:58Z,0,0,,True,True,
mike-thompson-day8,dhirajp1603/CG_Practicals,2023-09-26T10:40:08Z,0,0,C++,True,True,
mike-thompson-day8,dhirajp1603/dhirajp1603,2023-09-26T08:43:11Z,0,0,,True,False,
benalexau,dhirajp1603/BDM-Capstone_Project,2024-08-09T06:16:58Z,0,0,,True,True,
benalexau,dhirajp1603/CG_Practicals,2023-09-26T10:40:08Z,0,0,C++,True,True,
benalexau,dhirajp1603/dhirajp1603,2023-09-26T08:43:11Z,0,0,,True,False,
aussiearef,dhirajp1603/BDM-Capstone_Project,2024-08-09T06:16:58Z,0,0,,True,True,
aussiearef,dhirajp1603/CG_Practicals,2023-09-26T10:40:08Z,0,0,C++,True,True,
aussiearef,dhirajp1603/dhirajp1603,2023-09-26T08:43:11Z,0,0,,True,False,
AlphaWallet,dhirajp1603/BDM-Capstone_Project,2024-08-09T06:16:58Z,0,0,,True,True,
AlphaWallet,dhirajp1603/CG_Practicals,2023-09-26T10:40:08Z,0,0,C++,True,True,
AlphaWallet,dhirajp1603/dhirajp1603,2023-09-26T08:43:11Z,0,0,,True,False,
theojulienne,dhirajp1603/BDM-Capstone_Project,2024-08-09T06:16:58Z,0,0,,True,True,
theojulienne,dhirajp1603/CG_Practicals,2023-09-26T10:40:08Z,0,0,C++,True,True,
theojulienne,dhirajp1603/dhirajp1603,2023-09-26T08:43:11Z,0,0,,True,False,
adevnadia,dhirajp1603/BDM-Capstone_Project,2024-08-09T06:16:58Z,0,0,,True,True,
adevnadia,dhirajp1603/CG_Practicals,2023-09-26T10:40:08Z,0,0,C++,True,True,
adevnadia,dhirajp1603/dhirajp1603,2023-09-26T08:43:11Z,0,0,,True,False,
amitsaha,dhirajp1603/BDM-Capstone_Project,2024-08-09T06:16:58Z,0,0,,True,True,
amitsaha,dhirajp1603/CG_Practicals,2023-09-26T10:40:08Z,0,0,C++,True,True,
amitsaha,dhirajp1603/dhirajp1603,2023-09-26T08:43:11Z,0,0,,True,False,
PedramMarandi,dhirajp1603/BDM-Capstone_Project,2024-08-09T06:16:58Z,0,0,,True,True,
PedramMarandi,dhirajp1603/CG_Practicals,2023-09-26T10:40:08Z,0,0,C++,True,True,
PedramMarandi,dhirajp1603/dhirajp1603,2023-09-26T08:43:11Z,0,0,,True,False,
cjdsellers,dhirajp1603/BDM-Capstone_Project,2024-08-09T06:16:58Z,0,0,,True,True,
cjdsellers,dhirajp1603/CG_Practicals,2023-09-26T10:40:08Z,0,0,C++,True,True,
cjdsellers,dhirajp1603/dhirajp1603,2023-09-26T08:43:11Z,0,0,,True,False,
stennie,dhirajp1603/BDM-Capstone_Project,2024-08-09T06:16:58Z,0,0,,True,True,
stennie,dhirajp1603/CG_Practicals,2023-09-26T10:40:08Z,0,0,C++,True,True,
stennie,dhirajp1603/dhirajp1603,2023-09-26T08:43:11Z,0,0,,True,False,
kfish,dhirajp1603/BDM-Capstone_Project,2024-08-09T06:16:58Z,0,0,,True,True,
kfish,dhirajp1603/CG_Practicals,2023-09-26T10:40:08Z,0,0,C++,True,True,
kfish,dhirajp1603/dhirajp1603,2023-09-26T08:43:11Z,0,0,,True,False,
gavanlamb,dhirajp1603/BDM-Capstone_Project,2024-08-09T06:16:58Z,0,0,,True,True,
gavanlamb,dhirajp1603/CG_Practicals,2023-09-26T10:40:08Z,0,0,C++,True,True,
gavanlamb,dhirajp1603/dhirajp1603,2023-09-26T08:43:11Z,0,0,,True,False,
twalve,dhirajp1603/BDM-Capstone_Project,2024-08-09T06:16:58Z,0,0,,True,True,
twalve,dhirajp1603/CG_Practicals,2023-09-26T10:40:08Z,0,0,C++,True,True,
twalve,dhirajp1603/dhirajp1603,2023-09-26T08:43:11Z,0,0,,True,False,
fourkbomb,dhirajp1603/BDM-Capstone_Project,2024-08-09T06:16:58Z,0,0,,True,True,
fourkbomb,dhirajp1603/CG_Practicals,2023-09-26T10:40:08Z,0,0,C++,True,True,
fourkbomb,dhirajp1603/dhirajp1603,2023-09-26T08:43:11Z,0,0,,True,False,
neilfws,dhirajp1603/BDM-Capstone_Project,2024-08-09T06:16:58Z,0,0,,True,True,
neilfws,dhirajp1603/CG_Practicals,2023-09-26T10:40:08Z,0,0,C++,True,True,
neilfws,dhirajp1603/dhirajp1603,2023-09-26T08:43:11Z,0,0,,True,False,
sarahmaddox,dhirajp1603/BDM-Capstone_Project,2024-08-09T06:16:58Z,0,0,,True,True,
sarahmaddox,dhirajp1603/CG_Practicals,2023-09-26T10:40:08Z,0,0,C++,True,True,
sarahmaddox,dhirajp1603/dhirajp1603,2023-09-26T08:43:11Z,0,0,,True,False,
Gomah,dhirajp1603/BDM-Capstone_Project,2024-08-09T06:16:58Z,0,0,,True,True,
Gomah,dhirajp1603/CG_Practicals,2023-09-26T10:40:08Z,0,0,C++,True,True,
Gomah,dhirajp1603/dhirajp1603,2023-09-26T08:43:11Z,0,0,,True,False,
andrewharvey,dhirajp1603/BDM-Capstone_Project,2024-08-09T06:16:58Z,0,0,,True,True,
andrewharvey,dhirajp1603/CG_Practicals,2023-09-26T10:40:08Z,0,0,C++,True,True,
andrewharvey,dhirajp1603/dhirajp1603,2023-09-26T08:43:11Z,0,0,,True,False,
igas,dhirajp1603/BDM-Capstone_Project,2024-08-09T06:16:58Z,0,0,,True,True,
igas,dhirajp1603/CG_Practicals,2023-09-26T10:40:08Z,0,0,C++,True,True,
igas,dhirajp1603/dhirajp1603,2023-09-26T08:43:11Z,0,0,,True,False,
SerCeMan,dhirajp1603/BDM-Capstone_Project,2024-08-09T06:16:58Z,0,0,,True,True,
SerCeMan,dhirajp1603/CG_Practicals,2023-09-26T10:40:08Z,0,0,C++,True,True,
SerCeMan,dhirajp1603/dhirajp1603,2023-09-26T08:43:11Z,0,0,,True,False,
jamesray1,dhirajp1603/BDM-Capstone_Project,2024-08-09T06:16:58Z,0,0,,True,True,
jamesray1,dhirajp1603/CG_Practicals,2023-09-26T10:40:08Z,0,0,C++,True,True,
jamesray1,dhirajp1603/dhirajp1603,2023-09-26T08:43:11Z,0,0,,True,False,
peterfinlan,dhirajp1603/BDM-Capstone_Project,2024-08-09T06:16:58Z,0,0,,True,True,
peterfinlan,dhirajp1603/CG_Practicals,2023-09-26T10:40:08Z,0,0,C++,True,True,
peterfinlan,dhirajp1603/dhirajp1603,2023-09-26T08:43:11Z,0,0,,True,False,
russmaxdesign,dhirajp1603/BDM-Capstone_Project,2024-08-09T06:16:58Z,0,0,,True,True,
russmaxdesign,dhirajp1603/CG_Practicals,2023-09-26T10:40:08Z,0,0,C++,True,True,
russmaxdesign,dhirajp1603/dhirajp1603,2023-09-26T08:43:11Z,0,0,,True,False,
w0ng,dhirajp1603/BDM-Capstone_Project,2024-08-09T06:16:58Z,0,0,,True,True,
w0ng,dhirajp1603/CG_Practicals,2023-09-26T10:40:08Z,0,0,C++,True,True,
w0ng,dhirajp1603/dhirajp1603,2023-09-26T08:43:11Z,0,0,,True,False,
markhibberd,dhirajp1603/BDM-Capstone_Project,2024-08-09T06:16:58Z,0,0,,True,True,
markhibberd,dhirajp1603/CG_Practicals,2023-09-26T10:40:08Z,0,0,C++,True,True,
markhibberd,dhirajp1603/dhirajp1603,2023-09-26T08:43:11Z,0,0,,True,False,
kyb3r,dhirajp1603/BDM-Capstone_Project,2024-08-09T06:16:58Z,0,0,,True,True,
kyb3r,dhirajp1603/CG_Practicals,2023-09-26T10:40:08Z,0,0,C++,True,True,
kyb3r,dhirajp1603/dhirajp1603,2023-09-26T08:43:11Z,0,0,,True,False,
floraCodes,dhirajp1603/BDM-Capstone_Project,2024-08-09T06:16:58Z,0,0,,True,True,
floraCodes,dhirajp1603/CG_Practicals,2023-09-26T10:40:08Z,0,0,C++,True,True,
floraCodes,dhirajp1603/dhirajp1603,2023-09-26T08:43:11Z,0,0,,True,False,
CassiusPacheco,dhirajp1603/BDM-Capstone_Project,2024-08-09T06:16:58Z,0,0,,True,True,
CassiusPacheco,dhirajp1603/CG_Practicals,2023-09-26T10:40:08Z,0,0,C++,True,True,
CassiusPacheco,dhirajp1603/dhirajp1603,2023-09-26T08:43:11Z,0,0,,True,False,
malcolmgroves,dhirajp1603/BDM-Capstone_Project,2024-08-09T06:16:58Z,0,0,,True,True,
malcolmgroves,dhirajp1603/CG_Practicals,2023-09-26T10:40:08Z,0,0,C++,True,True,
malcolmgroves,dhirajp1603/dhirajp1603,2023-09-26T08:43:11Z,0,0,,True,False,
auscompgeek,dhirajp1603/BDM-Capstone_Project,2024-08-09T06:16:58Z,0,0,,True,True,
auscompgeek,dhirajp1603/CG_Practicals,2023-09-26T10:40:08Z,0,0,C++,True,True,
auscompgeek,dhirajp1603/dhirajp1603,2023-09-26T08:43:11Z,0,0,,True,False,
rizsotto,dhirajp1603/BDM-Capstone_Project,2024-08-09T06:16:58Z,0,0,,True,True,
rizsotto,dhirajp1603/CG_Practicals,2023-09-26T10:40:08Z,0,0,C++,True,True,
rizsotto,dhirajp1603/dhirajp1603,2023-09-26T08:43:11Z,0,0,,True,False,
cjheath,dhirajp1603/BDM-Capstone_Project,2024-08-09T06:16:58Z,0,0,,True,True,
cjheath,dhirajp1603/CG_Practicals,2023-09-26T10:40:08Z,0,0,C++,True,True,
cjheath,dhirajp1603/dhirajp1603,2023-09-26T08:43:11Z,0,0,,True,False,
atlassian-labs,dhirajp1603/BDM-Capstone_Project,2024-08-09T06:16:58Z,0,0,,True,True,
atlassian-labs,dhirajp1603/CG_Practicals,2023-09-26T10:40:08Z,0,0,C++,True,True,
atlassian-labs,dhirajp1603/dhirajp1603,2023-09-26T08:43:11Z,0,0,,True,False,
nickw444,dhirajp1603/BDM-Capstone_Project,2024-08-09T06:16:58Z,0,0,,True,True,
nickw444,dhirajp1603/CG_Practicals,2023-09-26T10:40:08Z,0,0,C++,True,True,
nickw444,dhirajp1603/dhirajp1603,2023-09-26T08:43:11Z,0,0,,True,False,
matt-goldman,dhirajp1603/BDM-Capstone_Project,2024-08-09T06:16:58Z,0,0,,True,True,
matt-goldman,dhirajp1603/CG_Practicals,2023-09-26T10:40:08Z,0,0,C++,True,True,
matt-goldman,dhirajp1603/dhirajp1603,2023-09-26T08:43:11Z,0,0,,True,False,
theleoborges,dhirajp1603/BDM-Capstone_Project,2024-08-09T06:16:58Z,0,0,,True,True,
theleoborges,dhirajp1603/CG_Practicals,2023-09-26T10:40:08Z,0,0,C++,True,True,
theleoborges,dhirajp1603/dhirajp1603,2023-09-26T08:43:11Z,0,0,,True,False,
pbos,dhirajp1603/BDM-Capstone_Project,2024-08-09T06:16:58Z,0,0,,True,True,
pbos,dhirajp1603/CG_Practicals,2023-09-26T10:40:08Z,0,0,C++,True,True,
pbos,dhirajp1603/dhirajp1603,2023-09-26T08:43:11Z,0,0,,True,False,
leocaseiro,dhirajp1603/BDM-Capstone_Project,2024-08-09T06:16:58Z,0,0,,True,True,
leocaseiro,dhirajp1603/CG_Practicals,2023-09-26T10:40:08Z,0,0,C++,True,True,
leocaseiro,dhirajp1603/dhirajp1603,2023-09-26T08:43:11Z,0,0,,True,False,
canva-public,dhirajp1603/BDM-Capstone_Project,2024-08-09T06:16:58Z,0,0,,True,True,
canva-public,dhirajp1603/CG_Practicals,2023-09-26T10:40:08Z,0,0,C++,True,True,
canva-public,dhirajp1603/dhirajp1603,2023-09-26T08:43:11Z,0,0,,True,False,
mgreen27,dhirajp1603/BDM-Capstone_Project,2024-08-09T06:16:58Z,0,0,,True,True,
mgreen27,dhirajp1603/CG_Practicals,2023-09-26T10:40:08Z,0,0,C++,True,True,
mgreen27,dhirajp1603/dhirajp1603,2023-09-26T08:43:11Z,0,0,,True,False,
SimplyWallSt,dhirajp1603/BDM-Capstone_Project,2024-08-09T06:16:58Z,0,0,,True,True,
SimplyWallSt,dhirajp1603/CG_Practicals,2023-09-26T10:40:08Z,0,0,C++,True,True,
SimplyWallSt,dhirajp1603/dhirajp1603,2023-09-26T08:43:11Z,0,0,,True,False,
timchurches,dhirajp1603/BDM-Capstone_Project,2024-08-09T06:16:58Z,0,0,,True,True,
timchurches,dhirajp1603/CG_Practicals,2023-09-26T10:40:08Z,0,0,C++,True,True,
timchurches,dhirajp1603/dhirajp1603,2023-09-26T08:43:11Z,0,0,,True,False,
justinmclean,dhirajp1603/BDM-Capstone_Project,2024-08-09T06:16:58Z,0,0,,True,True,
justinmclean,dhirajp1603/CG_Practicals,2023-09-26T10:40:08Z,0,0,C++,True,True,
justinmclean,dhirajp1603/dhirajp1603,2023-09-26T08:43:11Z,0,0,,True,False,
jasonsreid,dhirajp1603/BDM-Capstone_Project,2024-08-09T06:16:58Z,0,0,,True,True,
jasonsreid,dhirajp1603/CG_Practicals,2023-09-26T10:40:08Z,0,0,C++,True,True,
jasonsreid,dhirajp1603/dhirajp1603,2023-09-26T08:43:11Z,0,0,,True,False,
mzhaoshuai,dhirajp1603/BDM-Capstone_Project,2024-08-09T06:16:58Z,0,0,,True,True,
mzhaoshuai,dhirajp1603/CG_Practicals,2023-09-26T10:40:08Z,0,0,C++,True,True,
mzhaoshuai,dhirajp1603/dhirajp1603,2023-09-26T08:43:11Z,0,0,,True,False,
sushil79g,dhirajp1603/BDM-Capstone_Project,2024-08-09T06:16:58Z,0,0,,True,True,
sushil79g,dhirajp1603/CG_Practicals,2023-09-26T10:40:08Z,0,0,C++,True,True,
sushil79g,dhirajp1603/dhirajp1603,2023-09-26T08:43:11Z,0,0,,True,False,
vardius,dhirajp1603/BDM-Capstone_Project,2024-08-09T06:16:58Z,0,0,,True,True,
vardius,dhirajp1603/CG_Practicals,2023-09-26T10:40:08Z,0,0,C++,True,True,
vardius,dhirajp1603/dhirajp1603,2023-09-26T08:43:11Z,0,0,,True,False,
Anyesh,dhirajp1603/BDM-Capstone_Project,2024-08-09T06:16:58Z,0,0,,True,True,
Anyesh,dhirajp1603/CG_Practicals,2023-09-26T10:40:08Z,0,0,C++,True,True,
Anyesh,dhirajp1603/dhirajp1603,2023-09-26T08:43:11Z,0,0,,True,False,
JasonShin,dhirajp1603/BDM-Capstone_Project,2024-08-09T06:16:58Z,0,0,,True,True,
JasonShin,dhirajp1603/CG_Practicals,2023-09-26T10:40:08Z,0,0,C++,True,True,
JasonShin,dhirajp1603/dhirajp1603,2023-09-26T08:43:11Z,0,0,,True,False,
arcwhite,dhirajp1603/BDM-Capstone_Project,2024-08-09T06:16:58Z,0,0,,True,True,
arcwhite,dhirajp1603/CG_Practicals,2023-09-26T10:40:08Z,0,0,C++,True,True,
arcwhite,dhirajp1603/dhirajp1603,2023-09-26T08:43:11Z,0,0,,True,False,
gsklee,dhirajp1603/BDM-Capstone_Project,2024-08-09T06:16:58Z,0,0,,True,True,
gsklee,dhirajp1603/CG_Practicals,2023-09-26T10:40:08Z,0,0,C++,True,True,
gsklee,dhirajp1603/dhirajp1603,2023-09-26T08:43:11Z,0,0,,True,False,
joshprice,dhirajp1603/BDM-Capstone_Project,2024-08-09T06:16:58Z,0,0,,True,True,
joshprice,dhirajp1603/CG_Practicals,2023-09-26T10:40:08Z,0,0,C++,True,True,
joshprice,dhirajp1603/dhirajp1603,2023-09-26T08:43:11Z,0,0,,True,False,
rohitash-chandra,dhirajp1603/BDM-Capstone_Project,2024-08-09T06:16:58Z,0,0,,True,True,
rohitash-chandra,dhirajp1603/CG_Practicals,2023-09-26T10:40:08Z,0,0,C++,True,True,
rohitash-chandra,dhirajp1603/dhirajp1603,2023-09-26T08:43:11Z,0,0,,True,False,
bjtu-lucas-nlp,dhirajp1603/BDM-Capstone_Project,2024-08-09T06:16:58Z,0,0,,True,True,
bjtu-lucas-nlp,dhirajp1603/CG_Practicals,2023-09-26T10:40:08Z,0,0,C++,True,True,
bjtu-lucas-nlp,dhirajp1603/dhirajp1603,2023-09-26T08:43:11Z,0,0,,True,False,
stevecassidy,dhirajp1603/BDM-Capstone_Project,2024-08-09T06:16:58Z,0,0,,True,True,
stevecassidy,dhirajp1603/CG_Practicals,2023-09-26T10:40:08Z,0,0,C++,True,True,
stevecassidy,dhirajp1603/dhirajp1603,2023-09-26T08:43:11Z,0,0,,True,False,
hunto,dhirajp1603/BDM-Capstone_Project,2024-08-09T06:16:58Z,0,0,,True,True,
hunto,dhirajp1603/CG_Practicals,2023-09-26T10:40:08Z,0,0,C++,True,True,
hunto,dhirajp1603/dhirajp1603,2023-09-26T08:43:11Z,0,0,,True,False,
tristan-salles,dhirajp1603/BDM-Capstone_Project,2024-08-09T06:16:58Z,0,0,,True,True,
tristan-salles,dhirajp1603/CG_Practicals,2023-09-26T10:40:08Z,0,0,C++,True,True,
tristan-salles,dhirajp1603/dhirajp1603,2023-09-26T08:43:11Z,0,0,,True,False,
danoli3,dhirajp1603/BDM-Capstone_Project,2024-08-09T06:16:58Z,0,0,,True,True,
danoli3,dhirajp1603/CG_Practicals,2023-09-26T10:40:08Z,0,0,C++,True,True,
danoli3,dhirajp1603/dhirajp1603,2023-09-26T08:43:11Z,0,0,,True,False,
ryan-allen,dhirajp1603/BDM-Capstone_Project,2024-08-09T06:16:58Z,0,0,,True,True,
ryan-allen,dhirajp1603/CG_Practicals,2023-09-26T10:40:08Z,0,0,C++,True,True,
ryan-allen,dhirajp1603/dhirajp1603,2023-09-26T08:43:11Z,0,0,,True,False,
JiaWu-Repository,dhirajp1603/BDM-Capstone_Project,2024-08-09T06:16:58Z,0,0,,True,True,
JiaWu-Repository,dhirajp1603/CG_Practicals,2023-09-26T10:40:08Z,0,0,C++,True,True,
JiaWu-Repository,dhirajp1603/dhirajp1603,2023-09-26T08:43:11Z,0,0,,True,False,
davidbr4gg,dhirajp1603/BDM-Capstone_Project,2024-08-09T06:16:58Z,0,0,,True,True,
davidbr4gg,dhirajp1603/CG_Practicals,2023-09-26T10:40:08Z,0,0,C++,True,True,
davidbr4gg,dhirajp1603/dhirajp1603,2023-09-26T08:43:11Z,0,0,,True,False,
taoshen58,dhirajp1603/BDM-Capstone_Project,2024-08-09T06:16:58Z,0,0,,True,True,
taoshen58,dhirajp1603/CG_Practicals,2023-09-26T10:40:08Z,0,0,C++,True,True,
taoshen58,dhirajp1603/dhirajp1603,2023-09-26T08:43:11Z,0,0,,True,False,
JavascriptMick,dhirajp1603/BDM-Capstone_Project,2024-08-09T06:16:58Z,0,0,,True,True,
JavascriptMick,dhirajp1603/CG_Practicals,2023-09-26T10:40:08Z,0,0,C++,True,True,
JavascriptMick,dhirajp1603/dhirajp1603,2023-09-26T08:43:11Z,0,0,,True,False,
wacky6,dhirajp1603/BDM-Capstone_Project,2024-08-09T06:16:58Z,0,0,,True,True,
wacky6,dhirajp1603/CG_Practicals,2023-09-26T10:40:08Z,0,0,C++,True,True,
wacky6,dhirajp1603/dhirajp1603,2023-09-26T08:43:11Z,0,0,,True,False,
tfpk,dhirajp1603/BDM-Capstone_Project,2024-08-09T06:16:58Z,0,0,,True,True,
tfpk,dhirajp1603/CG_Practicals,2023-09-26T10:40:08Z,0,0,C++,True,True,
tfpk,dhirajp1603/dhirajp1603,2023-09-26T08:43:11Z,0,0,,True,False,
gridbugs,dhirajp1603/BDM-Capstone_Project,2024-08-09T06:16:58Z,0,0,,True,True,
gridbugs,dhirajp1603/CG_Practicals,2023-09-26T10:40:08Z,0,0,C++,True,True,
gridbugs,dhirajp1603/dhirajp1603,2023-09-26T08:43:11Z,0,0,,True,False,
ashquarky,dhirajp1603/BDM-Capstone_Project,2024-08-09T06:16:58Z,0,0,,True,True,
ashquarky,dhirajp1603/CG_Practicals,2023-09-26T10:40:08Z,0,0,C++,True,True,
ashquarky,dhirajp1603/dhirajp1603,2023-09-26T08:43:11Z,0,0,,True,False,
KodingDev,dhirajp1603/BDM-Capstone_Project,2024-08-09T06:16:58Z,0,0,,True,True,
KodingDev,dhirajp1603/CG_Practicals,2023-09-26T10:40:08Z,0,0,C++,True,True,
KodingDev,dhirajp1603/dhirajp1603,2023-09-26T08:43:11Z,0,0,,True,False,
mpwaller,dhirajp1603/BDM-Capstone_Project,2024-08-09T06:16:58Z,0,0,,True,True,
mpwaller,dhirajp1603/CG_Practicals,2023-09-26T10:40:08Z,0,0,C++,True,True,
mpwaller,dhirajp1603/dhirajp1603,2023-09-26T08:43:11Z,0,0,,True,False,
maniksurtani,dhirajp1603/BDM-Capstone_Project,2024-08-09T06:16:58Z,0,0,,True,True,
maniksurtani,dhirajp1603/CG_Practicals,2023-09-26T10:40:08Z,0,0,C++,True,True,
maniksurtani,dhirajp1603/dhirajp1603,2023-09-26T08:43:11Z,0,0,,True,False,
PaulWaltersDev,dhirajp1603/BDM-Capstone_Project,2024-08-09T06:16:58Z,0,0,,True,True,
PaulWaltersDev,dhirajp1603/CG_Practicals,2023-09-26T10:40:08Z,0,0,C++,True,True,
PaulWaltersDev,dhirajp1603/dhirajp1603,2023-09-26T08:43:11Z,0,0,,True,False,
MaxwellBo,dhirajp1603/BDM-Capstone_Project,2024-08-09T06:16:58Z,0,0,,True,True,
MaxwellBo,dhirajp1603/CG_Practicals,2023-09-26T10:40:08Z,0,0,C++,True,True,
MaxwellBo,dhirajp1603/dhirajp1603,2023-09-26T08:43:11Z,0,0,,True,False,
deansheather,dhirajp1603/BDM-Capstone_Project,2024-08-09T06:16:58Z,0,0,,True,True,
deansheather,dhirajp1603/CG_Practicals,2023-09-26T10:40:08Z,0,0,C++,True,True,
deansheather,dhirajp1603/dhirajp1603,2023-09-26T08:43:11Z,0,0,,True,False,
dylanegan,dhirajp1603/BDM-Capstone_Project,2024-08-09T06:16:58Z,0,0,,True,True,
dylanegan,dhirajp1603/CG_Practicals,2023-09-26T10:40:08Z,0,0,C++,True,True,
dylanegan,dhirajp1603/dhirajp1603,2023-09-26T08:43:11Z,0,0,,True,False,
rodolfoprr,dhirajp1603/BDM-Capstone_Project,2024-08-09T06:16:58Z,0,0,,True,True,
rodolfoprr,dhirajp1603/CG_Practicals,2023-09-26T10:40:08Z,0,0,C++,True,True,
rodolfoprr,dhirajp1603/dhirajp1603,2023-09-26T08:43:11Z,0,0,,True,False,
Noviny,dhirajp1603/BDM-Capstone_Project,2024-08-09T06:16:58Z,0,0,,True,True,
Noviny,dhirajp1603/CG_Practicals,2023-09-26T10:40:08Z,0,0,C++,True,True,
Noviny,dhirajp1603/dhirajp1603,2023-09-26T08:43:11Z,0,0,,True,False,
rueckstiess,dhirajp1603/BDM-Capstone_Project,2024-08-09T06:16:58Z,0,0,,True,True,
rueckstiess,dhirajp1603/CG_Practicals,2023-09-26T10:40:08Z,0,0,C++,True,True,
rueckstiess,dhirajp1603/dhirajp1603,2023-09-26T08:43:11Z,0,0,,True,False,
david-cattermole,dhirajp1603/BDM-Capstone_Project,2024-08-09T06:16:58Z,0,0,,True,True,
david-cattermole,dhirajp1603/CG_Practicals,2023-09-26T10:40:08Z,0,0,C++,True,True,
david-cattermole,dhirajp1603/dhirajp1603,2023-09-26T08:43:11Z,0,0,,True,False,
deerawan,dhirajp1603/BDM-Capstone_Project,2024-08-09T06:16:58Z,0,0,,True,True,
deerawan,dhirajp1603/CG_Practicals,2023-09-26T10:40:08Z,0,0,C++,True,True,
deerawan,dhirajp1603/dhirajp1603,2023-09-26T08:43:11Z,0,0,,True,False,
kevinresol,dhirajp1603/BDM-Capstone_Project,2024-08-09T06:16:58Z,0,0,,True,True,
kevinresol,dhirajp1603/CG_Practicals,2023-09-26T10:40:08Z,0,0,C++,True,True,
kevinresol,dhirajp1603/dhirajp1603,2023-09-26T08:43:11Z,0,0,,True,False,
mgiuca,dhirajp1603/BDM-Capstone_Project,2024-08-09T06:16:58Z,0,0,,True,True,
mgiuca,dhirajp1603/CG_Practicals,2023-09-26T10:40:08Z,0,0,C++,True,True,
mgiuca,dhirajp1603/dhirajp1603,2023-09-26T08:43:11Z,0,0,,True,False,
thekevinbrown,dhirajp1603/BDM-Capstone_Project,2024-08-09T06:16:58Z,0,0,,True,True,
thekevinbrown,dhirajp1603/CG_Practicals,2023-09-26T10:40:08Z,0,0,C++,True,True,
thekevinbrown,dhirajp1603/dhirajp1603,2023-09-26T08:43:11Z,0,0,,True,False,
featherbear,dhirajp1603/BDM-Capstone_Project,2024-08-09T06:16:58Z,0,0,,True,True,
featherbear,dhirajp1603/CG_Practicals,2023-09-26T10:40:08Z,0,0,C++,True,True,
featherbear,dhirajp1603/dhirajp1603,2023-09-26T08:43:11Z,0,0,,True,False,
beauwilliams,dhirajp1603/BDM-Capstone_Project,2024-08-09T06:16:58Z,0,0,,True,True,
beauwilliams,dhirajp1603/CG_Practicals,2023-09-26T10:40:08Z,0,0,C++,True,True,
beauwilliams,dhirajp1603/dhirajp1603,2023-09-26T08:43:11Z,0,0,,True,False,
alesya-h,dhirajp1603/BDM-Capstone_Project,2024-08-09T06:16:58Z,0,0,,True,True,
alesya-h,dhirajp1603/CG_Practicals,2023-09-26T10:40:08Z,0,0,C++,True,True,
alesya-h,dhirajp1603/dhirajp1603,2023-09-26T08:43:11Z,0,0,,True,False,
NobodyXu,dhirajp1603/BDM-Capstone_Project,2024-08-09T06:16:58Z,0,0,,True,True,
NobodyXu,dhirajp1603/CG_Practicals,2023-09-26T10:40:08Z,0,0,C++,True,True,
NobodyXu,dhirajp1603/dhirajp1603,2023-09-26T08:43:11Z,0,0,,True,False,
maacpiash,dhirajp1603/BDM-Capstone_Project,2024-08-09T06:16:58Z,0,0,,True,True,
maacpiash,dhirajp1603/CG_Practicals,2023-09-26T10:40:08Z,0,0,C++,True,True,
maacpiash,dhirajp1603/dhirajp1603,2023-09-26T08:43:11Z,0,0,,True,False,
biancapower,dhirajp1603/BDM-Capstone_Project,2024-08-09T06:16:58Z,0,0,,True,True,
biancapower,dhirajp1603/CG_Practicals,2023-09-26T10:40:08Z,0,0,C++,True,True,
biancapower,dhirajp1603/dhirajp1603,2023-09-26T08:43:11Z,0,0,,True,False,
JiashuWu,dhirajp1603/BDM-Capstone_Project,2024-08-09T06:16:58Z,0,0,,True,True,
JiashuWu,dhirajp1603/CG_Practicals,2023-09-26T10:40:08Z,0,0,C++,True,True,
JiashuWu,dhirajp1603/dhirajp1603,2023-09-26T08:43:11Z,0,0,,True,False,
aullman,dhirajp1603/BDM-Capstone_Project,2024-08-09T06:16:58Z,0,0,,True,True,
aullman,dhirajp1603/CG_Practicals,2023-09-26T10:40:08Z,0,0,C++,True,True,
aullman,dhirajp1603/dhirajp1603,2023-09-26T08:43:11Z,0,0,,True,False,
donggong1,dhirajp1603/BDM-Capstone_Project,2024-08-09T06:16:58Z,0,0,,True,True,
donggong1,dhirajp1603/CG_Practicals,2023-09-26T10:40:08Z,0,0,C++,True,True,
donggong1,dhirajp1603/dhirajp1603,2023-09-26T08:43:11Z,0,0,,True,False,
xiaomengyc,dhirajp1603/BDM-Capstone_Project,2024-08-09T06:16:58Z,0,0,,True,True,
xiaomengyc,dhirajp1603/CG_Practicals,2023-09-26T10:40:08Z,0,0,C++,True,True,
xiaomengyc,dhirajp1603/dhirajp1603,2023-09-26T08:43:11Z,0,0,,True,False,
davidsansome,dhirajp1603/BDM-Capstone_Project,2024-08-09T06:16:58Z,0,0,,True,True,
davidsansome,dhirajp1603/CG_Practicals,2023-09-26T10:40:08Z,0,0,C++,True,True,
davidsansome,dhirajp1603/dhirajp1603,2023-09-26T08:43:11Z,0,0,,True,False,
guyecode,dhirajp1603/BDM-Capstone_Project,2024-08-09T06:16:58Z,0,0,,True,True,
guyecode,dhirajp1603/CG_Practicals,2023-09-26T10:40:08Z,0,0,C++,True,True,
guyecode,dhirajp1603/dhirajp1603,2023-09-26T08:43:11Z,0,0,,True,False,
dkarunakaran,dhirajp1603/BDM-Capstone_Project,2024-08-09T06:16:58Z,0,0,,True,True,
dkarunakaran,dhirajp1603/CG_Practicals,2023-09-26T10:40:08Z,0,0,C++,True,True,
dkarunakaran,dhirajp1603/dhirajp1603,2023-09-26T08:43:11Z,0,0,,True,False,
lsf37,dhirajp1603/BDM-Capstone_Project,2024-08-09T06:16:58Z,0,0,,True,True,
lsf37,dhirajp1603/CG_Practicals,2023-09-26T10:40:08Z,0,0,C++,True,True,
lsf37,dhirajp1603/dhirajp1603,2023-09-26T08:43:11Z,0,0,,True,False,
toptensoftware,dhirajp1603/BDM-Capstone_Project,2024-08-09T06:16:58Z,0,0,,True,True,
toptensoftware,dhirajp1603/CG_Practicals,2023-09-26T10:40:08Z,0,0,C++,True,True,
toptensoftware,dhirajp1603/dhirajp1603,2023-09-26T08:43:11Z,0,0,,True,False,
mitermayer,dhirajp1603/BDM-Capstone_Project,2024-08-09T06:16:58Z,0,0,,True,True,
mitermayer,dhirajp1603/CG_Practicals,2023-09-26T10:40:08Z,0,0,C++,True,True,
mitermayer,dhirajp1603/dhirajp1603,2023-09-26T08:43:11Z,0,0,,True,False,
gsherwood,dhirajp1603/BDM-Capstone_Project,2024-08-09T06:16:58Z,0,0,,True,True,
gsherwood,dhirajp1603/CG_Practicals,2023-09-26T10:40:08Z,0,0,C++,True,True,
gsherwood,dhirajp1603/dhirajp1603,2023-09-26T08:43:11Z,0,0,,True,False,
terrywang,dhirajp1603/BDM-Capstone_Project,2024-08-09T06:16:58Z,0,0,,True,True,
terrywang,dhirajp1603/CG_Practicals,2023-09-26T10:40:08Z,0,0,C++,True,True,
terrywang,dhirajp1603/dhirajp1603,2023-09-26T08:43:11Z,0,0,,True,False,
gscales,dhirajp1603/BDM-Capstone_Project,2024-08-09T06:16:58Z,0,0,,True,True,
gscales,dhirajp1603/CG_Practicals,2023-09-26T10:40:08Z,0,0,C++,True,True,
gscales,dhirajp1603/dhirajp1603,2023-09-26T08:43:11Z,0,0,,True,False,
damncabbage,dhirajp1603/BDM-Capstone_Project,2024-08-09T06:16:58Z,0,0,,True,True,
damncabbage,dhirajp1603/CG_Practicals,2023-09-26T10:40:08Z,0,0,C++,True,True,
damncabbage,dhirajp1603/dhirajp1603,2023-09-26T08:43:11Z,0,0,,True,False,
bradleyayers,dhirajp1603/BDM-Capstone_Project,2024-08-09T06:16:58Z,0,0,,True,True,
bradleyayers,dhirajp1603/CG_Practicals,2023-09-26T10:40:08Z,0,0,C++,True,True,
bradleyayers,dhirajp1603/dhirajp1603,2023-09-26T08:43:11Z,0,0,,True,False,
hemantasapkota,dhirajp1603/BDM-Capstone_Project,2024-08-09T06:16:58Z,0,0,,True,True,
hemantasapkota,dhirajp1603/CG_Practicals,2023-09-26T10:40:08Z,0,0,C++,True,True,
hemantasapkota,dhirajp1603/dhirajp1603,2023-09-26T08:43:11Z,0,0,,True,False,
robinst,dhirajp1603/BDM-Capstone_Project,2024-08-09T06:16:58Z,0,0,,True,True,
robinst,dhirajp1603/CG_Practicals,2023-09-26T10:40:08Z,0,0,C++,True,True,
robinst,dhirajp1603/dhirajp1603,2023-09-26T08:43:11Z,0,0,,True,False,
brinlyau,dhirajp1603/BDM-Capstone_Project,2024-08-09T06:16:58Z,0,0,,True,True,
brinlyau,dhirajp1603/CG_Practicals,2023-09-26T10:40:08Z,0,0,C++,True,True,
brinlyau,dhirajp1603/dhirajp1603,2023-09-26T08:43:11Z,0,0,,True,False,
physwizz,dhirajp1603/BDM-Capstone_Project,2024-08-09T06:16:58Z,0,0,,True,True,
physwizz,dhirajp1603/CG_Practicals,2023-09-26T10:40:08Z,0,0,C++,True,True,
physwizz,dhirajp1603/dhirajp1603,2023-09-26T08:43:11Z,0,0,,True,False,
jacobsa,dhirajp1603/BDM-Capstone_Project,2024-08-09T06:16:58Z,0,0,,True,True,
jacobsa,dhirajp1603/CG_Practicals,2023-09-26T10:40:08Z,0,0,C++,True,True,
jacobsa,dhirajp1603/dhirajp1603,2023-09-26T08:43:11Z,0,0,,True,False,
hayyyyyyden,dhirajp1603/BDM-Capstone_Project,2024-08-09T06:16:58Z,0,0,,True,True,
hayyyyyyden,dhirajp1603/CG_Practicals,2023-09-26T10:40:08Z,0,0,C++,True,True,
hayyyyyyden,dhirajp1603/dhirajp1603,2023-09-26T08:43:11Z,0,0,,True,False,
haxormad,dhirajp1603/BDM-Capstone_Project,2024-08-09T06:16:58Z,0,0,,True,True,
haxormad,dhirajp1603/CG_Practicals,2023-09-26T10:40:08Z,0,0,C++,True,True,
haxormad,dhirajp1603/dhirajp1603,2023-09-26T08:43:11Z,0,0,,True,False,
Lou-Flan,dhirajp1603/BDM-Capstone_Project,2024-08-09T06:16:58Z,0,0,,True,True,
Lou-Flan,dhirajp1603/CG_Practicals,2023-09-26T10:40:08Z,0,0,C++,True,True,
Lou-Flan,dhirajp1603/dhirajp1603,2023-09-26T08:43:11Z,0,0,,True,False,
dfalster,dhirajp1603/BDM-Capstone_Project,2024-08-09T06:16:58Z,0,0,,True,True,
dfalster,dhirajp1603/CG_Practicals,2023-09-26T10:40:08Z,0,0,C++,True,True,
dfalster,dhirajp1603/dhirajp1603,2023-09-26T08:43:11Z,0,0,,True,False,
andersonaguiar,dhirajp1603/BDM-Capstone_Project,2024-08-09T06:16:58Z,0,0,,True,True,
andersonaguiar,dhirajp1603/CG_Practicals,2023-09-26T10:40:08Z,0,0,C++,True,True,
andersonaguiar,dhirajp1603/dhirajp1603,2023-09-26T08:43:11Z,0,0,,True,False,
trulyspinach,dhirajp1603/BDM-Capstone_Project,2024-08-09T06:16:58Z,0,0,,True,True,
trulyspinach,dhirajp1603/CG_Practicals,2023-09-26T10:40:08Z,0,0,C++,True,True,
trulyspinach,dhirajp1603/dhirajp1603,2023-09-26T08:43:11Z,0,0,,True,False,
benl23x5,dhirajp1603/BDM-Capstone_Project,2024-08-09T06:16:58Z,0,0,,True,True,
benl23x5,dhirajp1603/CG_Practicals,2023-09-26T10:40:08Z,0,0,C++,True,True,
benl23x5,dhirajp1603/dhirajp1603,2023-09-26T08:43:11Z,0,0,,True,False,
ozbillwang,dhirajp1603/BDM-Capstone_Project,2024-08-09T06:16:58Z,0,0,,True,True,
ozbillwang,dhirajp1603/CG_Practicals,2023-09-26T10:40:08Z,0,0,C++,True,True,
ozbillwang,dhirajp1603/dhirajp1603,2023-09-26T08:43:11Z,0,0,,True,False,
donnaskiez,dhirajp1603/BDM-Capstone_Project,2024-08-09T06:16:58Z,0,0,,True,True,
donnaskiez,dhirajp1603/CG_Practicals,2023-09-26T10:40:08Z,0,0,C++,True,True,
donnaskiez,dhirajp1603/dhirajp1603,2023-09-26T08:43:11Z,0,0,,True,False,
nclarx,dhirajp1603/BDM-Capstone_Project,2024-08-09T06:16:58Z,0,0,,True,True,
nclarx,dhirajp1603/CG_Practicals,2023-09-26T10:40:08Z,0,0,C++,True,True,
nclarx,dhirajp1603/dhirajp1603,2023-09-26T08:43:11Z,0,0,,True,False,
phamquiluan,dhirajp1603/BDM-Capstone_Project,2024-08-09T06:16:58Z,0,0,,True,True,
phamquiluan,dhirajp1603/CG_Practicals,2023-09-26T10:40:08Z,0,0,C++,True,True,
phamquiluan,dhirajp1603/dhirajp1603,2023-09-26T08:43:11Z,0,0,,True,False,
davidbanham,dhirajp1603/BDM-Capstone_Project,2024-08-09T06:16:58Z,0,0,,True,True,
davidbanham,dhirajp1603/CG_Practicals,2023-09-26T10:40:08Z,0,0,C++,True,True,
davidbanham,dhirajp1603/dhirajp1603,2023-09-26T08:43:11Z,0,0,,True,False,
lvzongting,dhirajp1603/BDM-Capstone_Project,2024-08-09T06:16:58Z,0,0,,True,True,
lvzongting,dhirajp1603/CG_Practicals,2023-09-26T10:40:08Z,0,0,C++,True,True,
lvzongting,dhirajp1603/dhirajp1603,2023-09-26T08:43:11Z,0,0,,True,False,
chriswrightdesign,dhirajp1603/BDM-Capstone_Project,2024-08-09T06:16:58Z,0,0,,True,True,
chriswrightdesign,dhirajp1603/CG_Practicals,2023-09-26T10:40:08Z,0,0,C++,True,True,
chriswrightdesign,dhirajp1603/dhirajp1603,2023-09-26T08:43:11Z,0,0,,True,False,
szdc,dhirajp1603/BDM-Capstone_Project,2024-08-09T06:16:58Z,0,0,,True,True,
szdc,dhirajp1603/CG_Practicals,2023-09-26T10:40:08Z,0,0,C++,True,True,
szdc,dhirajp1603/dhirajp1603,2023-09-26T08:43:11Z,0,0,,True,False,
dcutting,dhirajp1603/BDM-Capstone_Project,2024-08-09T06:16:58Z,0,0,,True,True,
dcutting,dhirajp1603/CG_Practicals,2023-09-26T10:40:08Z,0,0,C++,True,True,
dcutting,dhirajp1603/dhirajp1603,2023-09-26T08:43:11Z,0,0,,True,False,
chrisosaurus,dhirajp1603/BDM-Capstone_Project,2024-08-09T06:16:58Z,0,0,,True,True,
chrisosaurus,dhirajp1603/CG_Practicals,2023-09-26T10:40:08Z,0,0,C++,True,True,
chrisosaurus,dhirajp1603/dhirajp1603,2023-09-26T08:43:11Z,0,0,,True,False,
nalbion,dhirajp1603/BDM-Capstone_Project,2024-08-09T06:16:58Z,0,0,,True,True,
nalbion,dhirajp1603/CG_Practicals,2023-09-26T10:40:08Z,0,0,C++,True,True,
nalbion,dhirajp1603/dhirajp1603,2023-09-26T08:43:11Z,0,0,,True,False,
YanhaoZhang,dhirajp1603/BDM-Capstone_Project,2024-08-09T06:16:58Z,0,0,,True,True,
YanhaoZhang,dhirajp1603/CG_Practicals,2023-09-26T10:40:08Z,0,0,C++,True,True,
YanhaoZhang,dhirajp1603/dhirajp1603,2023-09-26T08:43:11Z,0,0,,True,False,
tresacton,dhirajp1603/BDM-Capstone_Project,2024-08-09T06:16:58Z,0,0,,True,True,
tresacton,dhirajp1603/CG_Practicals,2023-09-26T10:40:08Z,0,0,C++,True,True,
tresacton,dhirajp1603/dhirajp1603,2023-09-26T08:43:11Z,0,0,,True,False,
jsscclr,dhirajp1603/BDM-Capstone_Project,2024-08-09T06:16:58Z,0,0,,True,True,
jsscclr,dhirajp1603/CG_Practicals,2023-09-26T10:40:08Z,0,0,C++,True,True,
jsscclr,dhirajp1603/dhirajp1603,2023-09-26T08:43:11Z,0,0,,True,False,
mhutchie,dhirajp1603/BDM-Capstone_Project,2024-08-09T06:16:58Z,0,0,,True,True,
mhutchie,dhirajp1603/CG_Practicals,2023-09-26T10:40:08Z,0,0,C++,True,True,
mhutchie,dhirajp1603/dhirajp1603,2023-09-26T08:43:11Z,0,0,,True,False,
daobilige-su,dhirajp1603/BDM-Capstone_Project,2024-08-09T06:16:58Z,0,0,,True,True,
daobilige-su,dhirajp1603/CG_Practicals,2023-09-26T10:40:08Z,0,0,C++,True,True,
daobilige-su,dhirajp1603/dhirajp1603,2023-09-26T08:43:11Z,0,0,,True,False,
iam-mhaseeb,dhirajp1603/BDM-Capstone_Project,2024-08-09T06:16:58Z,0,0,,True,True,
iam-mhaseeb,dhirajp1603/CG_Practicals,2023-09-26T10:40:08Z,0,0,C++,True,True,
iam-mhaseeb,dhirajp1603/dhirajp1603,2023-09-26T08:43:11Z,0,0,,True,False,
Thinkmill,dhirajp1603/BDM-Capstone_Project,2024-08-09T06:16:58Z,0,0,,True,True,
Thinkmill,dhirajp1603/CG_Practicals,2023-09-26T10:40:08Z,0,0,C++,True,True,
Thinkmill,dhirajp1603/dhirajp1603,2023-09-26T08:43:11Z,0,0,,True,False,
iamteem,dhirajp1603/BDM-Capstone_Project,2024-08-09T06:16:58Z,0,0,,True,True,
iamteem,dhirajp1603/CG_Practicals,2023-09-26T10:40:08Z,0,0,C++,True,True,
iamteem,dhirajp1603/dhirajp1603,2023-09-26T08:43:11Z,0,0,,True,False,
maxious,dhirajp1603/BDM-Capstone_Project,2024-08-09T06:16:58Z,0,0,,True,True,
maxious,dhirajp1603/CG_Practicals,2023-09-26T10:40:08Z,0,0,C++,True,True,
maxious,dhirajp1603/dhirajp1603,2023-09-26T08:43:11Z,0,0,,True,False,
vrthra,dhirajp1603/BDM-Capstone_Project,2024-08-09T06:16:58Z,0,0,,True,True,
vrthra,dhirajp1603/CG_Practicals,2023-09-26T10:40:08Z,0,0,C++,True,True,
vrthra,dhirajp1603/dhirajp1603,2023-09-26T08:43:11Z,0,0,,True,False,
drbinliang,dhirajp1603/BDM-Capstone_Project,2024-08-09T06:16:58Z,0,0,,True,True,
drbinliang,dhirajp1603/CG_Practicals,2023-09-26T10:40:08Z,0,0,C++,True,True,
drbinliang,dhirajp1603/dhirajp1603,2023-09-26T08:43:11Z,0,0,,True,False,
SiddAjmera,dhirajp1603/BDM-Capstone_Project,2024-08-09T06:16:58Z,0,0,,True,True,
SiddAjmera,dhirajp1603/CG_Practicals,2023-09-26T10:40:08Z,0,0,C++,True,True,
SiddAjmera,dhirajp1603/dhirajp1603,2023-09-26T08:43:11Z,0,0,,True,False,
jordaneremieff,dhirajp1603/BDM-Capstone_Project,2024-08-09T06:16:58Z,0,0,,True,True,
jordaneremieff,dhirajp1603/CG_Practicals,2023-09-26T10:40:08Z,0,0,C++,True,True,
jordaneremieff,dhirajp1603/dhirajp1603,2023-09-26T08:43:11Z,0,0,,True,False,
wilsonzlin,dhirajp1603/BDM-Capstone_Project,2024-08-09T06:16:58Z,0,0,,True,True,
wilsonzlin,dhirajp1603/CG_Practicals,2023-09-26T10:40:08Z,0,0,C++,True,True,
wilsonzlin,dhirajp1603/dhirajp1603,2023-09-26T08:43:11Z,0,0,,True,False,
tbillington,dhirajp1603/BDM-Capstone_Project,2024-08-09T06:16:58Z,0,0,,True,True,
tbillington,dhirajp1603/CG_Practicals,2023-09-26T10:40:08Z,0,0,C++,True,True,
tbillington,dhirajp1603/dhirajp1603,2023-09-26T08:43:11Z,0,0,,True,False,
delitescere,dhirajp1603/BDM-Capstone_Project,2024-08-09T06:16:58Z,0,0,,True,True,
delitescere,dhirajp1603/CG_Practicals,2023-09-26T10:40:08Z,0,0,C++,True,True,
delitescere,dhirajp1603/dhirajp1603,2023-09-26T08:43:11Z,0,0,,True,False,
np1,dhirajp1603/BDM-Capstone_Project,2024-08-09T06:16:58Z,0,0,,True,True,
np1,dhirajp1603/CG_Practicals,2023-09-26T10:40:08Z,0,0,C++,True,True,
np1,dhirajp1603/dhirajp1603,2023-09-26T08:43:11Z,0,0,,True,False,
zhuangqh,dhirajp1603/BDM-Capstone_Project,2024-08-09T06:16:58Z,0,0,,True,True,
zhuangqh,dhirajp1603/CG_Practicals,2023-09-26T10:40:08Z,0,0,C++,True,True,
zhuangqh,dhirajp1603/dhirajp1603,2023-09-26T08:43:11Z,0,0,,True,False,
felipetavares,dhirajp1603/BDM-Capstone_Project,2024-08-09T06:16:58Z,0,0,,True,True,
felipetavares,dhirajp1603/CG_Practicals,2023-09-26T10:40:08Z,0,0,C++,True,True,
felipetavares,dhirajp1603/dhirajp1603,2023-09-26T08:43:11Z,0,0,,True,False,
rhoml,dhirajp1603/BDM-Capstone_Project,2024-08-09T06:16:58Z,0,0,,True,True,
rhoml,dhirajp1603/CG_Practicals,2023-09-26T10:40:08Z,0,0,C++,True,True,
rhoml,dhirajp1603/dhirajp1603,2023-09-26T08:43:11Z,0,0,,True,False,
shimmyshimmer,dhirajp1603/BDM-Capstone_Project,2024-08-09T06:16:58Z,0,0,,True,True,
shimmyshimmer,dhirajp1603/CG_Practicals,2023-09-26T10:40:08Z,0,0,C++,True,True,
shimmyshimmer,dhirajp1603/dhirajp1603,2023-09-26T08:43:11Z,0,0,,True,False,
noisysocks,dhirajp1603/BDM-Capstone_Project,2024-08-09T06:16:58Z,0,0,,True,True,
noisysocks,dhirajp1603/CG_Practicals,2023-09-26T10:40:08Z,0,0,C++,True,True,
noisysocks,dhirajp1603/dhirajp1603,2023-09-26T08:43:11Z,0,0,,True,False,
pawanrawal,dhirajp1603/BDM-Capstone_Project,2024-08-09T06:16:58Z,0,0,,True,True,
pawanrawal,dhirajp1603/CG_Practicals,2023-09-26T10:40:08Z,0,0,C++,True,True,
pawanrawal,dhirajp1603/dhirajp1603,2023-09-26T08:43:11Z,0,0,,True,False,
pinkforest,dhirajp1603/BDM-Capstone_Project,2024-08-09T06:16:58Z,0,0,,True,True,
pinkforest,dhirajp1603/CG_Practicals,2023-09-26T10:40:08Z,0,0,C++,True,True,
pinkforest,dhirajp1603/dhirajp1603,2023-09-26T08:43:11Z,0,0,,True,False,
DanyMariaLee,dhirajp1603/BDM-Capstone_Project,2024-08-09T06:16:58Z,0,0,,True,True,
DanyMariaLee,dhirajp1603/CG_Practicals,2023-09-26T10:40:08Z,0,0,C++,True,True,
DanyMariaLee,dhirajp1603/dhirajp1603,2023-09-26T08:43:11Z,0,0,,True,False,
diegogarciahuerta,dhirajp1603/BDM-Capstone_Project,2024-08-09T06:16:58Z,0,0,,True,True,
diegogarciahuerta,dhirajp1603/CG_Practicals,2023-09-26T10:40:08Z,0,0,C++,True,True,
diegogarciahuerta,dhirajp1603/dhirajp1603,2023-09-26T08:43:11Z,0,0,,True,False,
RobinDong,dhirajp1603/BDM-Capstone_Project,2024-08-09T06:16:58Z,0,0,,True,True,
RobinDong,dhirajp1603/CG_Practicals,2023-09-26T10:40:08Z,0,0,C++,True,True,
RobinDong,dhirajp1603/dhirajp1603,2023-09-26T08:43:11Z,0,0,,True,False,
danmackinlay,dhirajp1603/BDM-Capstone_Project,2024-08-09T06:16:58Z,0,0,,True,True,
danmackinlay,dhirajp1603/CG_Practicals,2023-09-26T10:40:08Z,0,0,C++,True,True,
danmackinlay,dhirajp1603/dhirajp1603,2023-09-26T08:43:11Z,0,0,,True,False,
mjbamford,dhirajp1603/BDM-Capstone_Project,2024-08-09T06:16:58Z,0,0,,True,True,
mjbamford,dhirajp1603/CG_Practicals,2023-09-26T10:40:08Z,0,0,C++,True,True,
mjbamford,dhirajp1603/dhirajp1603,2023-09-26T08:43:11Z,0,0,,True,False,
XertroV,dhirajp1603/BDM-Capstone_Project,2024-08-09T06:16:58Z,0,0,,True,True,
XertroV,dhirajp1603/CG_Practicals,2023-09-26T10:40:08Z,0,0,C++,True,True,
XertroV,dhirajp1603/dhirajp1603,2023-09-26T08:43:11Z,0,0,,True,False,
RickyDivjakovski,dhirajp1603/BDM-Capstone_Project,2024-08-09T06:16:58Z,0,0,,True,True,
RickyDivjakovski,dhirajp1603/CG_Practicals,2023-09-26T10:40:08Z,0,0,C++,True,True,
RickyDivjakovski,dhirajp1603/dhirajp1603,2023-09-26T08:43:11Z,0,0,,True,False,
encryptededdy,dhirajp1603/BDM-Capstone_Project,2024-08-09T06:16:58Z,0,0,,True,True,
encryptededdy,dhirajp1603/CG_Practicals,2023-09-26T10:40:08Z,0,0,C++,True,True,
encryptededdy,dhirajp1603/dhirajp1603,2023-09-26T08:43:11Z,0,0,,True,False,
freshtonic,dhirajp1603/BDM-Capstone_Project,2024-08-09T06:16:58Z,0,0,,True,True,
freshtonic,dhirajp1603/CG_Practicals,2023-09-26T10:40:08Z,0,0,C++,True,True,
freshtonic,dhirajp1603/dhirajp1603,2023-09-26T08:43:11Z,0,0,,True,False,
jkkummerfeld,dhirajp1603/BDM-Capstone_Project,2024-08-09T06:16:58Z,0,0,,True,True,
jkkummerfeld,dhirajp1603/CG_Practicals,2023-09-26T10:40:08Z,0,0,C++,True,True,
jkkummerfeld,dhirajp1603/dhirajp1603,2023-09-26T08:43:11Z,0,0,,True,False,
kiddkai,dhirajp1603/BDM-Capstone_Project,2024-08-09T06:16:58Z,0,0,,True,True,
kiddkai,dhirajp1603/CG_Practicals,2023-09-26T10:40:08Z,0,0,C++,True,True,
kiddkai,dhirajp1603/dhirajp1603,2023-09-26T08:43:11Z,0,0,,True,False,
lihini223,dhirajp1603/BDM-Capstone_Project,2024-08-09T06:16:58Z,0,0,,True,True,
lihini223,dhirajp1603/CG_Practicals,2023-09-26T10:40:08Z,0,0,C++,True,True,
lihini223,dhirajp1603/dhirajp1603,2023-09-26T08:43:11Z,0,0,,True,False,
kurisubrooks,dhirajp1603/BDM-Capstone_Project,2024-08-09T06:16:58Z,0,0,,True,True,
kurisubrooks,dhirajp1603/CG_Practicals,2023-09-26T10:40:08Z,0,0,C++,True,True,
kurisubrooks,dhirajp1603/dhirajp1603,2023-09-26T08:43:11Z,0,0,,True,False,
ftsf,dhirajp1603/BDM-Capstone_Project,2024-08-09T06:16:58Z,0,0,,True,True,
ftsf,dhirajp1603/CG_Practicals,2023-09-26T10:40:08Z,0,0,C++,True,True,
ftsf,dhirajp1603/dhirajp1603,2023-09-26T08:43:11Z,0,0,,True,False,
dhowden,dhirajp1603/BDM-Capstone_Project,2024-08-09T06:16:58Z,0,0,,True,True,
dhowden,dhirajp1603/CG_Practicals,2023-09-26T10:40:08Z,0,0,C++,True,True,
dhowden,dhirajp1603/dhirajp1603,2023-09-26T08:43:11Z,0,0,,True,False,
peterboyer,dhirajp1603/BDM-Capstone_Project,2024-08-09T06:16:58Z,0,0,,True,True,
peterboyer,dhirajp1603/CG_Practicals,2023-09-26T10:40:08Z,0,0,C++,True,True,
peterboyer,dhirajp1603/dhirajp1603,2023-09-26T08:43:11Z,0,0,,True,False,
tomitrescak,dhirajp1603/BDM-Capstone_Project,2024-08-09T06:16:58Z,0,0,,True,True,
tomitrescak,dhirajp1603/CG_Practicals,2023-09-26T10:40:08Z,0,0,C++,True,True,
tomitrescak,dhirajp1603/dhirajp1603,2023-09-26T08:43:11Z,0,0,,True,False,
chadluo,dhirajp1603/BDM-Capstone_Project,2024-08-09T06:16:58Z,0,0,,True,True,
chadluo,dhirajp1603/CG_Practicals,2023-09-26T10:40:08Z,0,0,C++,True,True,
chadluo,dhirajp1603/dhirajp1603,2023-09-26T08:43:11Z,0,0,,True,False,
RickyDivjakovski,dhirajp1603/BDM-Capstone_Project,2024-08-09T06:16:58Z,0,0,,True,True,
RickyDivjakovski,dhirajp1603/CG_Practicals,2023-09-26T10:40:08Z,0,0,C++,True,True,
RickyDivjakovski,dhirajp1603/dhirajp1603,2023-09-26T08:43:11Z,0,0,,True,False,
encryptededdy,dhirajp1603/BDM-Capstone_Project,2024-08-09T06:16:58Z,0,0,,True,True,
encryptededdy,dhirajp1603/CG_Practicals,2023-09-26T10:40:08Z,0,0,C++,True,True,
encryptededdy,dhirajp1603/dhirajp1603,2023-09-26T08:43:11Z,0,0,,True,False,
freshtonic,dhirajp1603/BDM-Capstone_Project,2024-08-09T06:16:58Z,0,0,,True,True,
freshtonic,dhirajp1603/CG_Practicals,2023-09-26T10:40:08Z,0,0,C++,True,True,
freshtonic,dhirajp1603/dhirajp1603,2023-09-26T08:43:11Z,0,0,,True,False,
jkkummerfeld,dhirajp1603/BDM-Capstone_Project,2024-08-09T06:16:58Z,0,0,,True,True,
jkkummerfeld,dhirajp1603/CG_Practicals,2023-09-26T10:40:08Z,0,0,C++,True,True,
jkkummerfeld,dhirajp1603/dhirajp1603,2023-09-26T08:43:11Z,0,0,,True,False,
kiddkai,dhirajp1603/BDM-Capstone_Project,2024-08-09T06:16:58Z,0,0,,True,True,
kiddkai,dhirajp1603/CG_Practicals,2023-09-26T10:40:08Z,0,0,C++,True,True,
kiddkai,dhirajp1603/dhirajp1603,2023-09-26T08:43:11Z,0,0,,True,False,
lihini223,dhirajp1603/BDM-Capstone_Project,2024-08-09T06:16:58Z,0,0,,True,True,
lihini223,dhirajp1603/CG_Practicals,2023-09-26T10:40:08Z,0,0,C++,True,True,
lihini223,dhirajp1603/dhirajp1603,2023-09-26T08:43:11Z,0,0,,True,False,
kurisubrooks,dhirajp1603/BDM-Capstone_Project,2024-08-09T06:16:58Z,0,0,,True,True,
kurisubrooks,dhirajp1603/CG_Practicals,2023-09-26T10:40:08Z,0,0,C++,True,True,
kurisubrooks,dhirajp1603/dhirajp1603,2023-09-26T08:43:11Z,0,0,,True,False,
ftsf,dhirajp1603/BDM-Capstone_Project,2024-08-09T06:16:58Z,0,0,,True,True,
ftsf,dhirajp1603/CG_Practicals,2023-09-26T10:40:08Z,0,0,C++,True,True,
ftsf,dhirajp1603/dhirajp1603,2023-09-26T08:43:11Z,0,0,,True,False,
dhowden,dhirajp1603/BDM-Capstone_Project,2024-08-09T06:16:58Z,0,0,,True,True,
dhowden,dhirajp1603/CG_Practicals,2023-09-26T10:40:08Z,0,0,C++,True,True,
dhowden,dhirajp1603/dhirajp1603,2023-09-26T08:43:11Z,0,0,,True,False,
peterboyer,dhirajp1603/BDM-Capstone_Project,2024-08-09T06:16:58Z,0,0,,True,True,
peterboyer,dhirajp1603/CG_Practicals,2023-09-26T10:40:08Z,0,0,C++,True,True,
peterboyer,dhirajp1603/dhirajp1603,2023-09-26T08:43:11Z,0,0,,True,False,
tomitrescak,dhirajp1603/BDM-Capstone_Project,2024-08-09T06:16:58Z,0,0,,True,True,
tomitrescak,dhirajp1603/CG_Practicals,2023-09-26T10:40:08Z,0,0,C++,True,True,
tomitrescak,dhirajp1603/dhirajp1603,2023-09-26T08:43:11Z,0,0,,True,False,
chadluo,dhirajp1603/BDM-Capstone_Project,2024-08-09T06:16:58Z,0,0,,True,True,
chadluo,dhirajp1603/CG_Practicals,2023-09-26T10:40:08Z,0,0,C++,True,True,
chadluo,dhirajp1603/dhirajp1603,2023-09-26T08:43:11Z,0,0,,True,False,
